recipients, amounts
0xcaa232C5926D0B5aF3D0aa7b1B0FF05270D207D4,17000
0x2a289dfabf52be261b1f4575e2270f893748e8c2,15000
0x13e81558E8bafcb2039666FAC5f7fB8f47Ffa0F7,11000
0xa0D13A431C2F037E47a0AF8AE4c8eFe6bd54d424,11000
0x6B586C0f94c80FB7a2e707f064571fD5FD052641,11000
0x75133a17019A9Caa0b3C3fe712B5275489aaA1f4,11000
0x3d0529BcaaAe793EdbC3Cae48a04b694Fc01ae6b,11000
0xe92A68a2e0b891BdBb1636bfEa5a91181FEF421C,11000
0x29eE37f4a0F4f755028bb82A9E0F5597554C4D64,11000
0xc09a8872145D0A3B223F73134f86c8220363b913,11000
0xB8B0148314205b519c258fF3caF886efb88306f8,9000
0xb6a7888e5B3F574651B0091Df695BA1fC8900eDF,9000
0xce25460fCd819F27c5fac26e368aFc3E55672EB0,9000
0xf47110EE10bEA33042e23972171Aba71d26f4Ef0,9000
0xD68784B5e5fb05E490FFF150Af117E69896C156f,9000
0xAFf8C16838960Ea45114a8f9f818581Fd026687E,9000
0x28243A65105580B174319EBCaDfb8FAe3909c636,9000
0x18e77d3c57783F91E61a2637a56f8d6f028b2f83,9000
0x85C61019cd9AEd443d5D43855dA31949964C5f37,9000
0x0d5905F2E2AD24C0b856562C366580C3CE111F76,9000
0x057830559ed493323F354115De238e6317831BBA,9000
0x00f11bAfBcE4C19B24907ecDF33b56126Ce7d495,8000
0x19195B7BC3D88D2889ABb1455A8FC8FE02bdA2B0,8000
0x39eAf5e7eB97e437B86BfCaA9Af89B6F2b027DC7,8000
0xd2E3461592062dc70A15aEe2C58366E802456db1,8000
0x3c36F44BB72a02cA9D21C266950b4ef48f657285,8000
0x39DD0C2Ca8Bbf59Cc542B448FfE61db94894Bc03,8000
0x2eb9916B9c6b7ac84912FFaBd3D165DC0Ba4b788,8000
0x8f9dee8756172989f03155a8101B1aa0C00Da8Aa,8000
0x850cf9bBcA5673A18254775762c3986DeFBCC8AE,8000
0x5CdCb978f4001188eA710F6A750b0Ede65895CC0,8000
0xD5D3CfA5E8d2B6DbAD47A64A6030BAC4FDD657f0,8000
0x36a59B5c9816Ff3b056923182A1B6e1683b3023E,8000
0x861B547d9B6C95c08b36cc67Cc0DDC32e90EF536,8000
0x2F0eEB3959b0AefBa7241e00e5ffE8a356b222ef,8000
0xf924dc3610237cfe9E2a732ad8c3B99De2D3E22f,8000
0xB67E18D643ae28A3420D6A70CB1B9a46081d5f8A,8000
0x51EC7a9546789936bC10A617e4C1ffFB9ce847d5,8000
0x9c45e86fc36e322BeCA288EF389EA32f9868FB8a,8000
0x89BE36fFDa6840BFeA89e71FFa7B0dEFfeeB5D76,8000
0x9C0e885480a6BF3dC49c9e901f058b59143167Fa,8000
0x075f7aca3988683d712f8e30e1481c0a00eef003,8000
0xa223a78e7dB5503F2300C449a198e03D0E9d4454,8000
0x6b2888fafd055dcdbad416de644ac1b34640e499,8000
0x2bF2e7171B163C4C5858C7B5Aba8bB6f44F2b273,8000
0xa0B574499760c1a0752a6df83289Acf5d47C4b70,8000
0xa3E15427Bfe6A8A09C07891f5b0cE6f57dA0C479,8000
0xadd850719b4F5BAF8a749Dea7dc033A6A013a1A0,8000
0x000000faeD60f9bC856c74e814a395D8b5A9eb42,8000
0x5c35015a80F066AcF87C4C268182cFe63f7e0fA6,8000
0x2132ab8DfB9C5072CC1B03F0E80557762cE46b2d,8000
0x2c7bc2F8d6F73572fF0654ef6589B76e430a193f,8000
0x27d22B89C7d23bf7cC3974eF24bCdBeD8A4D5876,8000
0x889C44cf65cd012220ef841521f9580f436349fD,8000
0xAB15c23f1024876B375eD1E8e28860D7767F2830,8000
0xb3aF230428AF091A4f17dA545FE0D8673f87B3eE,8000
0x22C0A986b209A280d9646B6AC10b1384dA10cfB1,8000
0xa18e4B7B0C5c9c37fb13ca8e9e206d3Ab8C94b75,8000
0xa9b72de364108ed150252005a869dd985a918d58,8000
0x5AB880e752e1D4223F5855427a68A90c028b92E5,8000
0x2eD56d19c7bEB2f952a8be844C286570Ed5A8248,8000
0xC03B5D073AEC049467E6A73A8ef58758a1E46f0F,8000
0x91CbAfa85dCDCeC57F18D35953AE2A3194AF6002,8000
0x0f1B37a990caC259747DFCa89e09b0aAeb09AF41,8000
0x7f16F20A92A088C14a2A94B2CD125A0436E12635,8000
0x0695F33c1DEbaaDa3DaB7B40471DE598972ff078,8000
0x77D36a6d2c8477133920337F51ca97084aDe9397,8000
0xA785220a1953B2919316D0dCE988428788f76B7A,8000
0xc173ad896d4d999a9fdeea5ca2198ba6165fa211,8000
0xe1F126f37a89ea7498Bae7e91524B1bE1D53aE23,8000
0xB39F19269ae21a340d19FbfB870C3E04E1c741Af,8000
0xc2D5f983C770a34F31884D3dB029dA79CEBc8277,8000
0x8E16D4D5BBb3De8212861062A4eA83BFE703553C,8000
0xD11d428350B9bb514436Ed6617f95A2d18cD0EE4,8000
0x7F5e413ceF8837e71332F5a5A5b97D0dD05941dd,8000
0x8aFfae3BA5bb80466349432d037d68aFB48D18cB,8000
0xa4894dED28acfa7cd10194870C578dA195905420,8000
0x28051d3A64E92F40257560e46ED68bb6AF809b5d,8000
0x53E04C162266e2C36Ecc1d108CbcEc6D8bB38191,8000
0xbd0c31D74B3282e17434D3061bE1E488bF8c1cE1,8000
0xAd3764eFB16b6Eb78e6Bd0364B3b1919fAbf6800,8000
0x87e39502d4aD9fe077B605D40E78D885F731AAfb,8000
0x12AD7180d259e438baDcD77ff8e07baC0736D7Fc,8000
0xEfC60ad6C9Ca5adAA8402A5e8f269bEcD2A4aFdb,8000
0xaFE274B630a69DFAfB39bc9fE6a789da494a8600,8000
0xF718004E23E3aCB3aF7F89C1b6C4c8B5D607a479,8000
0xa779032Db99Ed81487Ee18119DCB52CBF468854E,8000
0x9005160587C29443267638bCbe246c4Ac58966Eb,8000
0xfbC522C676E1a49fc7aaE2faaA506e351716b6C1,8000
0x50B6fCf47b67C2a5405651Db1d714ee001A818C6,8000
0x398C68E5E9AbB2423163c5F509146c7b78D62C74,8000
0x4B87dA2795999F935bD3d9394cF3DA5AB7d6d02b,8000
0xc7Bd487913708eb235eE3e482481E33fAe5a20Db,8000
0x4892Ed1694FC7746E79d597a5129cD08362f2bfF,8000
0xba906Da46f23063e95303F6aAF8Aa86D969a8db7,8000
0x9FF351Fe106fAda5F85223495C89C5dF4cb6b2eb,8000
0x26dCdbe8C4406b57706379986b4c65219B9abd65,8000
0x84a969ef5CF87578d283Ad0329De78DFcb2D1a04,8000
0x576cF9f72d1A54E8e6568eAaF0C903e4Df520153,8000
0x9ffced14baF27169C530831199727Cc7C71BAB80,6000
0x68B9EB12a3127c72d61f72226c89DfdA134Cd704,6000
0x9ACe8a2F1E2D118b1Ca0aA7f8b0D20df9E97BCDB,6000
0x4A49b750884F7325a12137354bD8Dc52980245eF,6000
0x642fdB46abe02ab7a290C26181117593aD7c65e5,6000
0x69f43b453a081116B22c26A5e9B64062128c29C6,6000
0x80c0a154cCFe182c8EB53631725f9f0C35E687bd,6000
0xaeaa3a018A82e49C7c163e239096eaCa750586A8,6000
0x012fe25dEE250ddD4B2D407DD0b4eE47Bf9DBF36,6000
0xEdF1DFdd5d2D9081F4B26d04a036B4B94ED6CEcc,6000
0x01012a4D1317F7AABc03e22Bc7BA5d0f1b5B24Fd,6000
0x8F84b44196Bf4A4A75df53e2c7A571193174E30c,6000
0x301D5eaD0396c9065B519fEE9413EEBc84b534D9,6000
0x8df5388ca3590f55f5c2eDC077A754311F497Cd1,6000
0x2Eb557918Fa7980e70Ba889B6e5d0000951a0ff5,6000
0xB28EB8a0F490F83Daef4664B9Dc5fE882c907C01,6000
0x12f47887B8B17E5b4f88e2C60ff61b613Faad6Fa,6000
0x31066F0BC1bc37B1Ee55c6132d4E1603f2D837b6,6000
0xe6dBD2b7360090a9bb46730bFC4c9D2691f7c3ba,6000
0x693266bF0515375346FedDfc07b5C3D032a4d3F3,6000
0xeFD9F68e8DE2560b3D536779562195737F3A9a72,6000
0xE3c276b8C6B0fA107852793eE02101Bf5eE01396,6000
0xBCDb2171b3B087e85Ad67ca80145A4E545c6Efb1,6000
0x1029E6941069703ca574A276b1E607C6fFD617c7,6000
0x1694731613e92452A2Abf91e043e2Dde981761a1,6000
0xbDc1170B7466c16f9279C9A7d18F8314774ab2bF,6000
0xb9c0cAA9ca384352B9f57c5b165Ec17b79c167F3,6000
0xbA9d00c263Ba3b6c37382F78f03AF3ed7f3ba56C,6000
0x00A172F762e9008480672235432F2b1FBf93a7ac,6000
0x3aa3c38e9eE81DD0DEf66042f5A4866A7A50f77A,6000
0x979eB619caac2DD9F87FDdC98555466817248976,6000
0x41cee2Ee00236591cA381B275cD2B408ed67fFa3,6000
0x691D8d4D2D8c6B50E5ad992Ed7E63E2e613e3F0C,6000
0xc9C1AbcD08E227c019754237cacc2A0BD5701Cd9,6000
0x408D2D069fE66110B92B58d2C206F8E3462bba2E,6000
0x19937C51ca1A1b5239EF2C1bBf6012df134938b0,6000
0x268EF519eDBf507Ed9fF31a3EaE96c82cBE1bb0b,6000
0xEe293f8B985A23bd9437b56E1Abe930EFa5C4401,6000
0xe6409eb16875f789c599d080abea1c2f20e81c43,6000
0x1A62Fd4F30551817EdA8B80493e5E3C3f4E52dD5,6000
0xcAAB2Ef720712A4D60715fC146f860dC424ED258,6000
0x1cAc7C7C922Fe03e7D9e2DDeb079201C773800B1,6000
0x4Fc36B32E6F68fE914a7D9E00E2DD7ba765E9f44,6000
0x430F00284F4a6D1566Bc2BD3B9F23AA7AFEE6702,6000
0x9ceCBC457088207e185254eE7EBe3d82550601D4,6000
0xD423919971DfDeDe972adcCcd9f2ab2A26B9EB29,6000
0xC7539b28a4432a39216b6AF4E35A409AD6FFcA4F,6000
0xe300D336E09fD876624B0ACfbAC8922f6d6045EA,6000
0x7ffab9d004A6Bb9CDC3260FA7F53BBae155FDaA6,6000
0xb393Af8740DB3E222476899EFdA89022d385ca3E,6000
0x96e5Ea002de907cb850B924A3Ac5b3AaFbd42cD6,6000
0x8261F455f3F12341840B36C5C57bC16d2164CCe7,6000
0x2111C650250a0617f092ABFe448D4d961b0acB9c,6000
0x92B598C5209cFe8062E3972bD940306DcD6fBAC7,6000
0x52794c526fb6314d20892FA253535b103Db73EF8,6000
0x9Fac981943b3592FF1adE01EE629abaE24D2881D,6000
0xaC19A7F16a2feab9eF245453B1D7CF6229643299,6000
0xE04338a14fDaE54A262A0c749D1dD24844B8C195,6000
0xC2F5d54e417C9A31bD8E9c249219811894fFA74F,6000
0xF4ca2B62114e69787eED96c3914b682fd73AF2cA,6000
0x3a12B027851da7757F9A1501abb95894B03963C1,6000
0x25AD46011594d71c4040A68877b475DBf1a53968,6000
0x0A15d4366b6Ca0AFaf9E0ce9c3075eF6b6d15021,6000
0xFE77009d29DCe38824836007D08bbfb0eC232Ea2,6000
0x2864A2317887CfCB423f0Ce530E3AfCf642Df65B,6000
0x26dC1A7910CB0cCACDD9Eb92ec569d418D1B0898,6000
0xDF8344e561CE88633af2b18d077926935482e158,6000
0x4f3eBE2da0a24c879B670C99d645852759d13586,6000
0x5480d269dF8335d64C21E4EAA3805ccC7E8E10E7,6000
0xD2d4FFBF4AAeBa339010572D31a7F5037f71d837,6000
0x66A03637C38Cb59b8F231850BFafCB19E40b46db,6000
0xd0926398960F855174E1Ba79422eF2382115Ed3B,6000
0xeb0412a43d7EcedfF122B0BB5a755ba5367FfC71,6000
0x403513CC97a413F4213E4e38847c2ea89Ef07077,6000
0xEf5ec496A305332F98453FD2732845092efC04aB,6000
0x7A5Ae83dEc85973F713AC53A2796afFc7858D307,6000
0xDFa65487281D0d55F3786c1c00cBf680d573C85A,6000
0x46Fe02297C30d47c6ac493053B792fa8Bc794c50,6000
0xa8688850B7E7E7Db5081bDF2e12E425537502b02,6000
0x4d0a57aE958eb03Ea5aF7aD7F7a7D9208FCCfb0A,6000
0x42d370201F6943Cd07B3eE9d8252CBbA6AbaD033,6000
0xA6867c3642c16F79aef1a1855B5b98F22b5039E7,6000
0xDb1685a735b36fbd3f7Ba02bF85386FD6FcF4Cc8,6000
0xf454045257Fd8Dd094b2b63dd49D25a6aaAAc535,6000
0xd6670870fec8d64efecac3176f568bb75a9a5801,6000
0x10160CA7f1817ea1D1fBE0a9296438387F970A7F,6000
0xD426392cAb4994320432c31A764C03ED68a97c89,6000
0xEEab5502b2bb908cC530E0C94Ce0aC9AFDBa9bc2,6000
0x340bF47fb2811784455329e720ffaDc5467B095c,6000
0xa6E43D93812fd4C4815adF1A586Ca05DaB815335,6000
0x012EE4E949B219DfB8187F243663c9812FcBA373,6000
0x1c9ED7d8ceFaCe452a5741dcAe59D7BC45DdF2fF,6000
0x7B72272C6d3d3f3e6b14967b8818710e12474588,6000
0xc6e69e9ff3e3b3e6264bEBEE79Bd2B4B141c7F64,6000
0x4c62540281ed589a3b949c19190863dd9261963f,6000
0xF9B43Be8B8AAc0836c242A3f6CAfeb7D8F1149d4,6000
0x8de64c3258B5A235E63ee36AB66A351d60De7931,6000
0x4DB84f248b547d82f2B807CEF3EA7653590E6244,6000
0x9cEDCC26a0f179EC9FeB618834C2B01856bcf0aa,6000
0x13874A61eF28dA2413B3143555a31d104E9c6695,6000
0x2C6E9862701d4e22E1e547393ab1DAC6Ac211869,2000
0xB4d13d41b70422755346622e4fEc802072E0b7c0,2000
0x0cD0aed492aD120cb169b99b805AEAef23633F89,2000
0x8DF9758137FD52f9840FAb80A5C047DcCDB85FeB,2000
0x470A3c879dEa5c95fda3ff29EA30d367A261f548,2000
0xb6E20ccE642ce27f183f35a6f5e9e02255dD0A6a,2000
0x2b7B2E978f7952Aa08d0043a6ce37a942937259c,2000
0x66Daa888384cD3B3f2Ec21Fa5bC88cadF53D4869,2000
0x0B576934fF18C5979f3069dcdE366B4F6aC4Fd2E,2000
0xbfCC0Ff816Ff32d72569c98F8a13EDe0bD343d5f,2000
0x6a117E1C6F15A601966Ff7842158f43DE2B4718A,2000
0x1b443Ca2B3DCB228CDE99A7977Ec098db9bE49B2,2000
0x8CCfB3EE7F25eE38bff838cEA7ab737Bc1741808,2000
0x179aa0ECfDD6c9c2ea7662675062De5B470f2B3a,2000
0x0994feA13A3d771b9Af0ce5D465EdfC5AAee8ee5,2000
0x052a11F02Bd2E0D45Fc57990b7D4cF06e6851f33,2000
0x604Ad8fCe8776AF39807B100D5B9D6754BD72a8d,2000
0x138931D782a52b34e372A6215988D29365a6B705,2000
0xB80Ba8f4Cd67Dc9d0090D2330f68eC41663BA5e4,2000
0x607B530e1F7584AB477Fdc614E9c17aE14a65A00,2000
0xebdEE1a1eC0F053cBBC92f515d5c3232d4Fa3D55,2000
0x785A11F5BB10C679b359314AED6f7Ae24970fE19,2000
0xC10B58220B148abC50C0E4c9a41dA4Aa0A305D5f,2000
0x1A49C875D5919f7534DAD568fc1f1A845E3a2E19,2000
0x4d65A08Ef7C66422A9a33e8b0C366D2a2BD86bbB,2000
0xD817e2B417B2fF700c055e9885091d5F15AB2875,2000
0x4692bd9cff2339a932b154d9a45d148b8f84ba60,2000
0x366F9607A50e46C3A3E4f982157EC6F8c3E1Be5E,2000
0x4b7a9117140fa5d6bf62bda8126636C6E9a79ec5,2000
0xb70F2b2114A9eC13Ca096524bE51724B3B2d7fD0,2000
0xC58acB79ad6dE5920618b5D5086a839D510110EE,2000
0x00147e3844aF2bD99Ce251FA0eA26147d1057ED8,2000
0xe769c605e08dfe548cd3c13402629B8c7a36857f,2000
0x16a096239FB10db734D53B83d8fD5201453Fcf16,2000
0xa6BfDe6397b8e8fa5772Ab002AD89D84012eEd05,2000
0x87E2Ace3c8ad1D20617fF727D7fbD2A5674414E2,2000
0x4daCDA39D69d1D1F903f97f26dE5f96c58083d79,2000
0xc7b199c07454A3E73B25473A235b960200bc17a1,2000
0xb4bBc364ccDe531aa050d30ecA9d7FaF1b77ce2e,2000
0x5219F63847F02a5cbb1094f5cEa0bb701a190472,2000
0xe7054c5364f2f6bf8fdbcd4ac8e7089870c7391f,2000
0x4ED34409b7B27B63F20837bfcBFd1E6c7429D529,2000
0xd2CdB4b2426B4dB72404866c4F668BB1Defc1700,2000
0xB09fE790345B0e3946f7238D967CE4695eD94A1C,2000
0xF12652200b67B40D7B21b57B2bdAeE4d55EC2738,2000
0xfa16162a23F49eDeBc313757dbe723E14c3A506F,2000
0xf8e47b72d68fcbA68A6398B3b9954F3E9Bf5A190,2000
0x449f84dB2258655364FafF4Ab1FbB7Ba6aF7213F,2000
0x4553ADf10645595685885CDfD3dE0cC42B86C9E2,2000
0x063b554D169E8B89e862bba9729CDe63492a183a,2000
0x59BA80109f05E5869C810C56DF40fcE4982afef7,2000
0xE2dD908C278FF9BF8ad6a546BAE5D40BD322B36B,2000
0xD755aF05E092de4590851220522C41ec7Eb2FF58,2000
0x17dFfA2B8cF384AF87E3BECcaDfc1BA94699b1a4,2000
0x0e7733aBB82Ba25b6146451a41F0FCdc18B92962,2000
0xACe6De4F0BEb59a32D05665C3b836d29819E1ec1,2000
0x0064835c10d903F41f28248Ab4B7F7D8832cE545,2000
0x7efa566c0AF199846D47d12F4d0689dc8a05428A,2000
0xD97CA942f5F8c381238d4cCEBb50a6214Bc16A5f,2000
0x81286ddf0F1B34A493465635DdE09Bb2aD803c89,2000
0xd10Cb6b65bF99f0a871e7ECE0ba5FE6fd6985e50,2000
0x46EC4193cbF48f436f4eBAbF0E787cb5fC948784,2000
0x99D6aB34D90d73eD2fa6b8E775B87fF2dFb8EEB5,2000
0x0B0B90f97fa5F3C369D4d22Ce14a0d48cF48BaC5,2000
0x5420f7bf296F2833C598abe75bE12C7286587b6B,2000
0xfd29381Bd25c668977D7Bc11e267798a121FDC40,2000
0xfcb8c3c938926891359e4d0918318c76c370e5d4,2000
0x27bAf7B173ea3782adBed679FF0f28b2a1D3eC48,2000
0xf4F61f4DA9f9c121CD193C9f7fBFE0e7cAf97198,2000
0x68126fc2AB7E7136d85FBC157302DEC15e0bBACd,2000
0xa5eC966d474c72B3e351Ef3d254A8A2cd3EffeB7,2000
0x3AE598A6Ee11F5db1f49Fb9D644f4FcdF9e61B23,2000
0x136404029B913E5AD927Fbc6c5a74a217F188F01,2000
0x8759aF7B700f3E8e79cCfFCD13d975EDE30900c5,2000
0xcABceEC8749593cb0d1AdFCF4F138570f62E858F,2000
0x9CaB3895AFC2e122b8cC02409b8a173414B47EfF,2000
0x4540cdc3ecf114e980f62c0451c07089a918d5c9,2000
0x7C68D8EE1c2e528b5cDc82F6175B3360cC3f5D5A,2000
0x186ABde542477455028d22882BDDe86153A5f502,2000
0x8caee6f5ec892ae7b53b6095acedfae2eccb13f3,2000
0x74c3D2c0b6667f4eD304DC6E5E4d0c310a36B41d,2000
0x9612b62Ae5df9b42805309a3e14695Db8000b266,2000
0x1A0B2aF5bc33DD71F2FF1770691A8cA59D3571A4,2000
0x591FeA9A8F29aB69F3752Bc91FCEfe06Ff32F188,2000
0xB3965032B14F9c2e511125830d7b2c52B7f3Ad42,2000
0x8a171ad1e74cB2569D119c5A3d5F949039e4Fe5C,2000
0x8577eAf850633336Abbed826a568e16287ed363C,2000
0x9dE1Bd3D70164C5F2F06A9195793776b8ACD98a9,2000
0x8a5b58e7beF2F25dBfA40042D0Af344cF456eE36,2000
0x0265CbA0E64Db2081C91c8EED92Fb12379342c87,2000
0xeB323ed50c0ba34241FBc87739844aa3d93c93aA,2000
0x78DbceCC6Ea371f31471127eD7bdc6Fc385B8eC1,2000
0x1C67b203a696986d7C297f600293112E960BDb86,2000
0xc8be2EA36AA2D961ec06e497a9440aeb91DEaa01,2000
0x3C58913Fdef9739A7D422e6d734Db4E69c55eBb6,2000
0x8B8FCebE5c7eEbf71b6F0120A84670b15e82b57A,2000
0x8Ac5Db745777606892d425DCa9803469457805bf,2000
0xBE8DDaEd8E3aD5B934A710bF188D8ADD27325690,2000
0xd85d6918dFA12a750dCF3B6060bB24dA2FE7696f,2000
0x2C3893A5D5f1D2e8b30E1a2C592A915C4059D8aD,2000
0x0abd2Fe9A0040C5c23DAE8C9ef452764c246838b,2000
0x162256ae6de6235c88dfd06449498a48414d1c84,2000
0x1f7B8fF96377dEdb31653D07B5Ec517faDb44699,2000
0xFc2d41a0a1165F0Ca049e13EDE74eA420B06BF74,2000
0x13676180bcB6d5cef874a62EeE1B23F7B7E260cD,2000
0x4f81fdcC7C736e8F6Aa6442C629d934CE57e28aC,2000
0x4661Dd64BE00E7Af9C3ecaa342e039C6097a738D,2000
0xf70A31b2F947AdF86dF552aC1897FCa2b5940370,2000
0xceA3b11d0149Bd5b13F2a590A0F58DbdB64C9F84,2000
0x388F097dc062D5aEE0957b933a8713e7685DcDe2,2000
0x9FD45A5a562582030f288D476bA7E4B2a67d8B95,2000
0xD412E79c69A1bCB4382Df29805Bbe66b5831a03D,2000
https://twitter.com/alamdj350,2000
0xe67165CFEa5A58d0627b71A4b64EAD6F53c2f1dE,2000
0x54d6b647A634BF54ae38B9E5951be340882128e1,2000
0xA59a380066703658c925a031fC776a7C90200268,2000
0x0bC98bfF0dE7557d3e499104D8288A6eafAFc6B6,2000
0xfb9C4eE72cd777B1340A1ee7d75A99474e429851,2000
0xa4B971a8Ded7778E9d15329B69FD41ac296E3bd3,2000
0x8ecEABa0865fB311138345304aA4Cb1e9a64C45d,2000
0x812c59a5547D310c9FA5593f65594923A38BE330,2000
0x3637B75B84b8db82B71Fe6Fc2a2CF1Cbc35a9ba2,2000
0x365cd4285EA200afb98597220c71e6E670B3a73c,2000
0xaac82Ec70dE3D581F031D63f3a809fdA08C85B13,2000
0xDc328C631Fe721eCe4CBb6F54e561158a20A2eaf,2000
0xD27fAb76317d1E99367395fd4510DF82549F43Ca,2000
0xEE03d27D941667c569ABb4aAcC669806499a2511,2000
0x1DF8126554076F79fE6Ca53b13E66B3956c6d4a4,2000
0xFF21ac138fc8F482a43cA678D8855B1f66Ae83A7,2000
0x4Ab425aF45e6b4ABBcFf549903F06B1403fAeD21,2000
0xff050728D7852faA740EB1D8a0f4f7FB9cC030C7,2000
0xB088923a798E63541aFEFaBdff02da629727ecEA,2000
0x3D803617B9607357009FeDAdF646Ad341e246ADC,2000
0x7d5d7843dD403E0f9B430550D13660a6540dc6CE,2000
0xD80E77D7BdaA622bE7c97bA28aDaBc1eC1C525b8,2000
0x8507710fc01604e6CB1586c1f501619ea88669d3,2000
0xd42939a668d03E087f8d0090145538dBF7EeF018,2000
0x24B19612007Bb6999Ec959d92f9cBF0381157F85,2000
0x18Cfe7fDe1797347bbF449304D263a9EEae4CFC1,2000
0x971B461d9f8cd10857D18bB6b18C2C2410bDd824,2000
0x9f8E9E979f412612267e913Fc36cE4710C540EAe,2000
0x3e19F3FA04Cd980A2daCA4ec1E0aA9747A448a9C,2000
0x7a6832eD8a28B68C41f58d51bC4d66D7C426569C,2000
0x53a71b8b8C271E2Bc68ed7614b738C2A68453bEF,2000
0x1dd19cfc54ee4d330060e2c7e8418c7c1b834e84,2000
0xbBaB3bE14bD301360299371E429eB6b24F071997,2000
0x25C4c6F6862938A2C3A584AD83e33A8e56b2BCF7,2000
0x069fF549a4E11a31cfAb6Ad357876357b14cb0A3,2000
0x0030397D86981dBA04387290bd6EA3D571174C9a,2000
0x46DeF23732F8f3211573C47232b53939838d700B,2000
0x2E7f3df34b54d0A644F5552738971c627E5Cd555,2000
0x66B6C5CC200fAb9a5e8769426a7046eEd9D37BEc,2000
0x97Ba43915C74EB2AC2045410A4ecF7135eFeCFAC,2000
0x9aBD9b1623a77Db57909A8b886F2C653D93E483a,2000
0x8e5D39DB005280dD622b1DEF80B8B50e2F80b365,2000
0xecf28300B5532FD7A7CE92936048487E361319bd,2000
0x0EA2373b2C96F8AF8ef4A8105b59C1543358a9EF,2000
0x968C6e86Dd9A550a02F8301E2Bc55649b209e0ba,2000
0x57388A4457329D463D26F7e90dAF65da166B7308,2000
0x69c9a144d074294f92a55b9aa84c689af3be7f10,2000
0xE371Dd8114006F84D8B36527fA37538aB4cf8fEd,2000
0xcE6E7f18dF7C870b853f8ba6A875672D3307a793,2000
0xe202b69DCCF5883C4a6D605d3dBdB6F30858b80e,2000
0x0EF5C4440C6ba2bB8F7A5a0dCBcE74bF5a96eEb4,2000
0xCE804e812D4faa1D5C169a1d365B9419c7217250,2000
0x0Cf53F918B2f453Ef96118d85EFB9D68C5E0D078,2000
0x2b320f432Fe66bbBa8757752D399EafcEaD30e8C,2000
0xDd0AffC10362B65FC13DA78CfD1edf7B7bC63AF2,2000
0x74eA0b9c7347CAc48422AACe61DA39cc8d38763D,2000
0x1216928a5147854f090A663198dD3Cdd6F4DdD5b,2000
0xc3CF2d1505C350f56580A1710f6E5376eD443882,2000
0x2F9Bd4F0bB557640b450ff336F38dA192C7b56F9,2000
0x66EcCaBb90A8A755349dC7924D7c92a8997F3992,2000
0x329Aa0c83c993a63c888E80ab19aF492a44a9F81,2000
0x344F951827ac80B70558b7dffe92e33A302842fB,2000
0x4AfaF9858621641B885a4724bDA1520A356493DC,2000
0x84fE1dEf85eeBFb397e7F934630f60C10A983aeF,2000
0xfD14A92DB89eA347b8eA70C0Ad166b44f10Ccfc2,2000
0xE9a098ec5E6B814d955eB3eE35cb068bB7435ed5,2000
0x18D775C891aF07014f7520Ffe2FB744b0D0FBDdE,2000
0x6860f854e318001342b8e0077d6fd9ff50a201a9,2000
0xb03637042df8919bb9de0609bbdacce75c5a6683,2000
0x9DA90B597832232A8D639Eea875F2705aB9a2075,2000
0xF10802d3DCb93a0514E7BA719d4f5c1Ca5380390,2000
0x2eB3899e99Db75d8DeaBB07eBA30B40BdFa7780D,2000
0xD459dAA5038Bc145A44E10803ccc310fA4d0331D,2000
0x916Eb0A94A119591e0Ec12d9271Aa847339C003E,2000
0xb0926727FF31DDDe0fa80b1E9725823652bBCD71,2000
0x430c3897fbf239DC7D804cb2a19B0dE1a49b2d09,2000
0xB4DFf67D1b15527F3fb0B395DC5ac77059cEc12c,2000
0x388139a2519E58cBF7a4b5Ef684d8367F85cdeFc,2000
0xfcFB7A39d922bfB938106f70799C7C4D1C4D4fc9,2000
0x1193dfC75863bAe5e46e9B8ec5B1E1903168B1ce,2000
0xa0343a6e8c6e26e834ffb6ea1a0884d8aa6dc34b,2000
0x63147285110942c8B4fE3A596efeb4CaF3D1fF28,2000
0x454760ff17A46c6e3842777F6Cda5c2A2B421C9B,2000
0x36e20314B307c7c4b5C7c3B111940a2185D30e06,2000
0x6e5A75Fc547882e0e7Af5e84C1bB97574aD9d642,2000
0xBCD5eD7929C241b7Ad676961bCa00c8A7aBB502B,2000
0x710535ddD19a6495aF9D9217Db1f8781b498Ca20,2000
0x4c0BE28F4d3D330ecE5AE509C98d45424214ec8C,2000
0x783A57A1F0c9Cd8001864Ea4C4916b1A627eBd24,2000
0x9f2E5A30c3fb61aDCE9bf57a00a13f0A1f9F1823,2000
0x0C1ed0f872D8e3aeE104aDe99b21d301Df03AA17,2000
0x92010d89158780FeBed5A3146f83596edAb7630B,2000
0x2dDa744C4Cafa93163d8b93B23418EDc747F71aB,2000
0x1AFb52f6bB141e0049Ac1DD2f837d602A92C4524,2000
0x06127093c30506de8ad872c863039c1072e460df,2000
0xcb9625B9579040D238014875897DaA9E89D777B9,2000
0xb9F41DfAd6a1C75C259104392E3609c6c9031597,2000
0x316D29d002Be04D6506c6F5F6Dc20ae4c50B8a2F,2000
0xBa3ded0A5209AEE10497b2259842AD1c59d4C05B,2000
0x020743a00b7009bb774628369364f2c707B087db,2000
0xDb89E712328283B747729f77F09Dc6e362659254,2000
0xC378d280B88E2Ca832e28605B5Ec8ed98631C722,2000
0x7055E46DbC262fAEBeDE8e8fE2aA1ab810488457,2000
0xB61125D2CeF0486a95387C70485f730A0e77ef7a,2000
0x4FFFa4d91f1Db1e7B689c01Fc017c8259087cAe2,2000
0x3E7cC79136E1D3ef12ffE0837419537B68BF884b,2000
0x2aa8640Dc09589Dbf65Af8c109d06E1fEc6b2D43,2000
0x7851036B2ECd477AeEd2F373eBc6100b1fc8Dd63,2000
0x1E13d78f3415d3851DEebFAA25D7dF082bFCede1,2000
0x0116418ecf811e1da7C23F25DB0c749d68D5491c,2000
0x6d8271360a3BB4c829cC16b60DCBec9B0c63f909,2000
0xEeF60877765Ec022fd0962096Ba4baD8A27cedD6,2000
0x4b098934aABEE520d6D2aBE6e1A3a38a5B9C3e6C,2000
0x94d66FE010CA6653D4fF9664D1Ec47432Cf6e4d4,2000
0x06aFd847E29c0576cEbB7ac7c2a94ae9B8424535,2000
0xa133cfc91295a358837a1837fe2e5d9e8f05530b,2000
0xC8D835225791C1c4629DdEC8b1ef1218d270c347,2000
0x0716aEA8a12F55198D1E2600E72DeD9D583d2a07,2000
0x10ef0CDc7263d09A312f7B20251Bb61739f9c8cc,2000
0x75fcAE1a20dF4d0197307b8EdE53D0a2195603cf,2000
0x58df6b8d7dd70dd5117f508c7b968aa262fec3cb,2000
0x55CB782ac252Ce617DAD82252d7Df4d4CF381243,2000
0x6C08bB77Ab06ec1bAbB66f8d9F56bC9a32D5955e,2000
0x5B4bE5C2D3e362dbE155263895b6e97cC5e70991,2000
0x267b6f1674960f9e102618d8db96f4e2846a5bcd,2000
0xb6526DaCB473590bEA830484C18c3a4E6a4E4EbD,2000
0xC54581419E47472B32DE9415a1bAd3Ac3AA138A1,2000
0xdaE8A948D1E6e27D9b3ae94cfba1A34a120b3E40,2000
0x2554a0874f98611da7cef791896164f091f867a2,2000
0x1C9c21Fe662fAcdA75A222E6E3A6d69175927e8b,2000
0x45719155C3C249977e5EfC0aB33e1F413C880229,2000
0x09C39BC3f6Bac24ef585e65FcEEC34657CB265CB,2000
0x075076ce8574d6d01007d8342faee101c1a900d0,2000
0x39DdA5a6Ba3FdE64202e6361e19EF44DaCA50f73,2000
0xfe3e841aBDb8F8AecFb0620501622e79Ad4280f8,2000
0x23a7a1002F15d158a6974727C0D54C1cDa7aB8e1,2000
0xe379a5803728a57F2032C91617f5ae93F01a94B3,2000
0x6e9Da7cBdD2DC85d19d076d1b85b2EC75b1820c2,2000
0x23914325b1118EdFA363EB8368AF41A0611dC552,2000
0x3449F7fBAe262E17296c4C525a0b9fEE63E1EBfC,2000
0x96bcfd21e94bab860d2a4e7f6337e5c3430adb99,2000
0x247FB96013147D909f3d7536dfdDf3fb8d350531,2000
0x3Dfb9B331b3d31BC4f522c16b735920D4d7EF21E,2000
0xd3Ef143930b1ADeE7766e2E962Aa3bCB3C265440,2000
0xe5e07805d3021b6E57A243B3b37bA46c8FC81071,2000
0xe4acf59ADaE4D3d04158464A3fe042D38288E3c0,2000
0x8fB8439aF9e2f9955a9690C35B1326dD04F88895,2000
0x33C72E0070e4ed80EAF7DE31c448f0acC387d2E3,2000
0x3fE54e588BAB2469CB5F64CD20F1F69395E3DD77,2000
0xd228847fAca5F0597894EDC153B1cE777f91060B,2000
0x2A16C33CA1aEfEE2810C3e1AAB15Af3FEf0A7f2b,2000
0xf50193d03cf9c2e7740056e33D04a341c8FaBBF7,2000
0xA90468deaEBBB5562d9Aa51b486765b75D3C488c,2000
0x7DD2Bdc5A6F82Cd2d360B8654E87e5b7B58d4A5D,2000
0x4651d28ba78d28429fCeE583780b8439de2012DA,2000
0xe871FFEEf013A30F7c1470CCdF7C2A35A6720899,2000
0xEA917C46Ce118d1F060D8C1fEcc194b4b40247cf,2000
0x12E0f503aC47929F04dc7E7b13444F64BDE285a3,2000
0x8964b13BFD98FF1c3F6380c70A082f411D48cEC1,2000
0xADe2244deF8C279e0dA39133B5Db51D71a4Ff871,2000
0x6EeD1e793e3dDd3F42BC5FDfCC8b6045CB7DC69D,2000
0x77822897d97b9b63c1963C56B50b584f5aa41E80,2000
0x949D003436a796F13c892ac74a2B83cc85CE2906,2000
0x1C3e2D2ad6E6BE2bB0FfC9Bd0A8a209D4C3A0C95,2000
0x8cBa8505975Ed1A3C811995778D57515C6131dDd,2000
0xbbb58Af155c664dB0552b80B3dE7D3FBbb018214,2000
0x9aB4aBf927b1eE6CdFca539701cFaa916459A01e,2000
0x4263e5C1BC25a1feacC5548271592f586f483Ec6,2000
0xda8479edea4e942ab287327ce3118c734004a391,2000
0x4b15B301304F7C54C35b9d61D32fC6f4020F4C97,2000
0xAcA8296244fD506B1a7a6F3B5Bb55d3693F3d6CC,2000
0x492d77A7836be020dDF9301a9Cb1461f371823e6,2000
0x4BDD51665c502Cc746995e126a24f9DDbD6A17A4,2000
0x34f135d793ec97af3324388ed3169cb539ef2e22,2000
0xE27bf0A5638B1B898b27128F46161D8F82AFC134,2000
0x09Dba4555937Eb89CA562CFE724ED33fBA388593,2000
0x0CAbd8685eBa23957f6d42c0fc21E2e0914889EB,2000
0x009B5e95621F10a1C2A3BF8A3F9BB3FCB1FF7f90,2000
0x9A97F51F700688216ac25DB6dAc9f21f0EcA431f,2000
0x26d0BCdA934d02Fb0E12C4d0769db50fb1ECFe46,2000
0x51105FBC4CbfDf4d773F71a8823485889E646B4d,2000
0xA810DBd567939F1375AE7b5e1524681964Ab706c,2000
0x5d3f3926D46Bfe2f06f6Af623fd88aA129dBf406,2000
0x2A8292946a57D06b4acfd23D5FB808da369766c9,2000
0x495057073F7fEE1389256c25AC6c029298840d0d,2000
0xA0b44343817094A3E7141F5bAa45686238eD7be9,2000
0x4Bd0a1462D38e69Ea32eE719792C0205296D9042,2000
0x635eE05E0DA8DF8baF047Ce55478395050E4CdCE,2000
0x7d36eaaa1922f6f7cDaB9B69050D39dbb3e4311d,2000
0x5BfA6d86f0FfBe668CA71A9c40E88477d732F6A4,2000
0xC8E7EF14A499958Ebcfa77fE113B091712cC84B4,2000
0x9810ECfd443c012cB9775955Ea7726E79d67191e,2000
0x390f2798456DffE0E8224189e8225B1Ef93c5E19,2000
0xaa55f8238871914d6Af1Ae776A2B7aafB5B3Fb41,2000
0xFacd85B79803713dE4365CeF343567BD62953cf9,2000
0x626901bE7043Aba1b731a090134243B4B55D0182,2000
0x41323De24068AF13e44DFC9a234EAf77788B85E1,2000
0x7ff34c4b0a4ba5105adacdb074e524d1c22b46ba,2000
0x899f6C935E14A929fC9fa358B1e67C960078Db50,2000
0xBC08AeCdB78aeD74EfdE9CaFC3e6c318bfF79942,2000
0x58e6B72aDE90b3F323eD5Ae4f1dfe14aa81F0b57,2000
0x81ebdeea40a97634a89ec9d74bf6f677895384ca,2000
0x86F0b61C4A1E92C85933f31fe0Ba8C6d01316A35,2000
0x87976d88CbB9524C0Fd887E2cB951615De1b5877,2000
0x6B41eFA4C3fC29895e6c44533ef3c1E5B18c627F,2000
0x88B0A3fdD50384F93F74AA28A65E7e8e83E88553,2000
0xF272220a3cBdc92e092f94f3CF34A1E0a2aE7239,2000
0x835ec9AA39DE9834483f6e50271A1AAA34F36480,2000
0x79F1bC5281E56fDF39E3C8600dF68d24515f1ec5,2000
0x0A706762EbEeE195bC47FFad74386144607fC478,2000
0x6e68e4884edf8f14CC46407EF7e4c740F0E054eB,2000
0x05E79948789fB16DfE33965DcBAfb8Da63f76eF2,2000
0x80AedD11287c35BBb7b3C5C8cC91a2c84a994309,2000
0x556B38cD7b0519A6886CA872F6205fbd2655c8EC,2000
0x34C2e2b6e25b3b8cc6EdA40fF27274d173AEc4De,2000
0x181D46453c949dC5b0eAfB9f44a9B911e1af52e6,2000
0xA4B459fD5b3a545BBE046BC3667c4a304c253a43,2000
0xBC08Eca351889a0F25bd5BDd3BfBd0d018741Dd1,2000
0x5aE399Da2047572e95dBE9F1fB11136CB6fe19B3,2000
0x3dB351D8968C90F34cC354F5aA084786C34B9382,2000
0x031ed04a87D029e6Cc697Ad1D0330C52Bba99198,2000
0x5f6bde803f223862eaa164b66973081d8a547c95,2000
0xc11cA064180cdAf1BFE943CE4668d1a64039F692,2000
0xbB2514b31486C564BEC67C6d692aB1Cb636d7C5d,2000
0xC6ab4b39BFea5b2AEF60D157d451369291974523,2000
0x2Fd0601e3809a121c70Cb41311011f9778AEA23C,2000
0x5f7806686f53f123b4581c60fe8b5c153e06f001,2000
0x3BA19823Ca76011C2E1f45Ce93bD5457b7D730C5,2000
0xEf8b581720Eb7B2772Da1C0020CDbe4529D8CE1a,2000
0x249C32Fe228b3846B048aC9d37CDB3C07adB1A47,2000
0x825Ae2Bef21af738afEe0cac2230f65505CD4bf0,2000
0x8Fe7D8fa14c53c39f81A7271F91D38B3B376280F,2000
0x102BfA41Ae7C5523aa107ac0a4a347b0b7311e62,2000
0xB96c3A18e3c8Db746b2022508bb7B280e8817D2d,2000
0x18aC7A93798D869BB5d64896f959E4B9eB8f3b7D,2000
0x709b8b2137d9ED8Df260aC0122e7161fc29dA8B6,2000
0xDF2592716620d51CD0184728e618F4FD952B0F3d,2000
0x82acd24208652cD5E5c4E885B76eE38be0424df8,2000
0x8DC081e9351B7F95214d5f7d50cC237B92436E0D,2000
0x4caf582d3f1d63c8100c68f78e8c5b267d5bb3c0,2000
0x3518F262d3AD2F8f9d299bfd28715d7560c77145,2000
0x6Ad4CC9F6545389d4abdc91C06320908F9D945Ce,2000
0xbAC20a38910eB226018e6DABbd1E669fee0C8a7f,2000
0x6e0E16924645Cba6E2fc142d2D00DC089ae01286,2000
0xdbf2beff573e10a16b8a85d1c58a09afd1242aff,2000
0xB1DcD69da672D5cC541Cc59754ee86BCfbCC523c,2000
0x81DD3f6beBAAe1864b89376a2d325Fc5499B1fdd,2000
0x9Fe9fC1B66bDF42559c8863389d4F792B779a582,2000
0x395BA2F337f8E9793B8B7Fb8a474A6DD9c54667A,2000
0x6A07D60c61a3378B0343005e9fA67190f1f247f2,2000
0x060cd37EF34Bd8Baa6B93779F8E4B311ab08d54A,2000
0xb77E918e8Ead0D53663D2e731e5bB70F9A1a7B89,2000
0xF74e2446c3CD93FC3601cfa2729a98BFD923e8b7,2000
0xec7BFc2766E6582fBA42B462129DCaCfa822BF65,2000
0xd76605F7b5a6B5268c887907C051cb5241A5aC53,2000
0x18fFE224ed585e8EE3fdCbE642DF6C002d71E3fC,2000
0x2178AFA7A2141b71996f9e12C248E99cda923A82,2000
0x9BA431227B35527DB8a9364288CAa3c9DEAb97e1,2000
0x9bCb0105535a75D46faC822E9b44B94Cc57C6D8e,2000
0x1336368785b5f3270d7121d0c0e4ccef9c261356,2000
0x23Fc63bfe20000c6F6e9832B99289aB646B5073B,2000
0xd87BdbC86f6B6336A325D198B98193bb44b59dc5,2000
0xAA050EaBBb7b75c92ba6423C62258B286e59C16F,2000
0x61B59744ffc5aF0227298B577575474a0D63a36F,2000
0x9B58Bf209E82b1d820b6e0B422Af7E33206F7f80,2000
0x1Ef5F699F7DFC94Cf7894976469E0eA16D0f6687,2000
0xfF704DB2b16b50E31272ba8e731d2d65Bd2754B2,2000
0xCE37531C0C545aE6d82d58DF6AE94308fb6fe363,2000
0x5F6B9a37F26b5E32893D70FA52e385bf955C5dbA,2000
0xd2A123519857bE31Cb58a1034F1A8AB7a6b3834d,2000
0xaeA106D1cEAB5F35A37d5bBd740F353946b1Ff69,2000
0x5DA623db3f14ecA3E727206A7F1A64F1B728C31d,2000
0x2051De54480F6D1657983a790cb0FE890E3B834E,2000
0x52ed6BC01640380e4412c28AA5D40382b83F835D,2000
0x1f235955f88Ce32FDDf921F101Fd525D3181947A,2000
0xa1295FdEf66422Dc5d609Ad7034F93664D1E8FbC,2000
0x1B25e39126Ab95B19eDf0bEc09f35E994e1BF9b5,2000
0xaF8c2241700Ed078526c32c9d931c7Bd199FDfB6,2000
0xA4A65217c7beA81E2B739170F513B1CD57158586,2000
0xEa322DA024a2dF1391DD108161f809407ec25c9C,2000
0x4F6bb4B981D3AF243Bcf82C77b43383E1f2a7934,2000
0xbf08096CFaa426ea5554d01F55bD720CADb3a995,2000
0x1E0B57C0449986916aCfc7416A4a22E7675afb42,2000
0x8Dc94e67B758d23781e2831a8ae132590a803674,2000
0xfd0120762ba6d3484719D195C0347A53ebCD35ac,2000
0x66a783BD6344C26Ab4DDb86519012fcA0061Ebb4,2000
0xbE3B198607886899a421C0978484DE2661a5D9C9,2000
0x78c14B15cB827f201D2C2736E1C98103E6Eab83E,2000
0x2f6d3d5e68f43b560541188ddb472802ea95420f,2000
0xC441959C6989032568B4848325683f8D533ca5e0,2000
0x2292dfeDbeF5E06D659d1e9E11AFEB595480d0d6,2000
0xb505e9D43D7f3e11C35C066547e975d6F51b0327,2000
0xa5732A84Ac3A9F2371B9F94D384946a593dC36Fe,2000
0xA3AEF2Ce6cb9e0d1B5D153c2189B668173b4c73a,2000
0x787E5F9F80412c3DDc3C1C9A62dF6baB63Bb5411,2000
0xf4521c989cf135306455da89d10201c592a9c0ad,2000
0x51b740B2332389B75CdB2e59A4E451F8462c467f,2000
0xfb624d6d985dd4D11cb3044d44C5e4B023cd595b,2000
0xeD6D240090112744776dCc8B06Bd9420B67a0526,2000
0x27eb2fd0558fc97062f48f9c90730cd5a20fee16,2000
0x403be568FA9707E74F87Ec50F1437c5B805F5d64,2000
0xbeCCBd29247e2b7E6c253858aE7bE7A43c8Fd7A7,2000
0xA3746fa176029ffea38dfb6f55C3abaBe1B77812,2000
0xF3134f49d9814aC08a32eD11bAf82EB1B6029065,2000
0x84dd5b93b0c3d287830440edfb4034d0b0fb69f0,2000
0xf6f55DE8D8313729D3A9CB5444a3dFB683E5a651,2000
0x8AfA38B493A1ad21471a5DB1C117d7890cd284e3,2000
0x00009233B08dE1424eEefD580De75B9A7bB6bCb3,2000
0xbbA366f33436148b0ea859Ba61469911aF14811E,2000
0xAa435ad3BF6FB73EbB773dB3e9301275D1F55F7f,2000
0x1D6f79B4Bce5C9e91CAA03041eD32a22FDd423F6,2000
0x79B9AE543718Cb4C17916474dbde2c9993dC192F,2000
0x632dC61496039f31cC991F6ac311B9344CaB1071,2000
0x65653D7Cccad28A6738De8E5Bf261F993E2448B7,2000
0xc9e1F4E5384371F18b7672f48F3E320Ab4a927Cf,2000
0x3472e2bA95C7dE81de703b55d2eD117B6934AEf5,2000
0x37C35e015f384d4c4E8d415aE0c8a7009879361d,2000
0x51495ad09C24aAfafd90Fc7E6EB0Fe1b21b4B0EB,2000
0xBF29826D73FCc1FC46e47490099C271DEB2d2A76,2000
0xb787a062b191709ce81b5ebFb47aEA5b5C553FBc,2000
0x600584e2D1b0Cc56C59d66b7585Df50CBD5B631F,2000
0x26d49119A9aF89B66D0FcE3F45b86357A15c8875,2000
0xBff86b0861E0690fDB5Ba999AC882c289513F555,2000
0x3A231E1fEc8928d7Ab2046ca0D5e8B5B21d34204,2000
0xe1c1eF76860eA12256892b767E943286DBbe5cdc,2000
0x5190218F954E51Ccbf90ef785db9dB5F5a17c632,2000
0xfa9ced53785817efe9c8e7842d8e6b271f274880,2000
0xf619c7f96F0F213a7A9b2A24B15EcB56661E048F,2000
0xD1f703F5c0Ee4F985399829fb069C9c92466ABaa,2000
0x3fb56072a35b8B43E22a2f670dd3cf7e7E21Fe1c,2000
0x1403eF61408F0d54072FFd6ba9bE8E57903c5987,2000
0x1B87A9a2f6EdCC8005fAF3f6a8FEfD319DEBEbC8,2000
0xEDa1A2C5c3707eA1F220e0D09f4D20Aa2c6c30c1,2000
0xA3C88Bfa241Cf6A129137f63FFc8f73C7d6534F2,2000
0x961a9953675a1262f9814865F66516780687d3c3,2000
0xb5FB7A75740Cfd94FA1f44255cf808F9323a0793,2000
0xCFddb9fCC3fCB6Eb33dcfa50473178638EF66475,2000
0xD8cB188e2BB910246850bbFD5ED5DF3aDae37cE9,2000
0xfD547Ba7A65EED277Bd360FFF6124BF70C412239,2000
0xBC5e2d0C097654452F1f7dbe179A14aF55058449,2000
0x9E7E02C41063bE413F9d3a765c954A4005ec317e,2000
0x8ea07599fa7E412c8Ce1A13F41c013241d353658,2000
0x418787fBf9C57303CDDAB6d15f35F0123962b3bB,2000
0xB49D1fccA0dC5F06F00428E296AfD257F68b63FA,2000
0x7f62A2407341Ac56BC382e3E43D110800df5CF3a,2000
0x49d187A0F410693be51f80b33C4975C33A220A17,2000
0xC405a230CCF9ad9003993AFe6b82049A165924dA,2000
0xEe0a4f9d1F4398cC8C6Ec3153e2927CB817E2D3D,2000
0x47b96Bda74087eaA66730EcEE042D4bf01ed632E,2000
0x07D6f9afAb7A39d50f3191090B6E29C9D9Cf1b1B,2000
0x9a4CE4B73100A0567360d2843d6d4fcA70Cedb1d,2000
0xb1daeA40CdbF503446B7C9B0EC6Bd8749392a8bb,2000
0x9e50737baC106Dde9E2460ca1962C497f034d5eC,2000
0xcFb85944E690f09C5AF6136Bae5c24FA6358A54A,2000
0xe28b7416aEB25616a595538d7e2E2779bBA77a0d,2000
0xc9CE73C39758c068E143f16400D85F6E8504fb5b,2000
0xcFB9aD07d012eD624eE7d7aCf56893Df0Cf67188,2000
0x353f199584A5db874814B216Ba79Cc84C1254907,2000
0x486ab1d2ec5756208fe956f1717baee291840a4a,2000
0xBf2f2ceE6C8CFA73B4EC72A0d0174a8Dd0b58693,2000
0x1095bdFf7899630f6827a3C5Eb13Fa96A17cbbfF,2000
0x75279A83B212848a8abf101Ad37045B3366ceA45,2000
0x00E8Edc8f6Acb3B9B993874ce94001455fF00cC5,2000
0x21E3cbd1ede99971FFf93c655Ff9f2Da5cD7d6dE,2000
0xa5777ce14e230007f8782645368fa68b5724829b,2000
0x92389358BfE56d3402643dB28830DAf9192daCA3,2000
0x9AA20D13932Da5E43C8417324CEC9c3547617aF6,2000
0xd762Aa5D5d9705E2A161425eC3e4150d38585f39,2000
0xaE1f45B22CFc9FFb1eE9B684BA408374BF91c77F,2000
0x018a764Fb05DdF625Cb31c946ec13C609EB236bF,2000
0xae40b7A57DD02E765eD0668f82A96ffabecB9a8e,2000
0x57958BEab966a71fF6f0eA7AA0810Af4E9C110F6,2000
0x77D156A7076a23Bf98b7995166EDFFd9391884b9,2000
0xC82e932bDD79aa6Af641BE09A210Ce289c931921,2000
0x7bf6b60a05cA44BcbFba98A9abdE0c7713408802,2000
0xe03cC74bC19a4656EBB76a464123444E9c1FDb90,2000
0x9DDABc703B47820C213bb516AD85DE7F4783CFb4,2000
0x1c51699231A4C9337Aa868e593435D13Ae78d14a,2000
0xB38ceCaAAEF3645f61e0001fdD409aE8357c2B41,2000
0xE627CdFF94f92e17d67Ab5565832b1925D0f32a3,2000
0x940fe14Bd5EFbaE3F84052f47009E2B60bF98257,2000
0xb472dd78Ec99a9737c36889b8bB922fdC7c042a8,2000
0x0054eDd603E550444B41686c5Fb18F690404D56C,2000
0xb5753f034Ddf1CA95F78CaE7EF470e271959CAa2,2000
0xb619216d160c58da2B53831592B633Ab89c65317,2000
0x9b631813BB889F634603293bDCF0a66876b6E6dC,2000
0x7434689d179bBf68Fc8aA80C04C23a869c7dD2F9,2000
0x1aa3a6c818dcfd8996c5e882507a5dfd442c7806,2000
0x4A5cFa86FAeC08abfd5a637091e1cB6801B4443E,2000
0xfB5Ce1F1Bd470dbf1a3FF357aE0010Ef389d3cC3,2000
0x74C3AfCbeF121Da647973C9C79e4b882d65edb87,2000
0x5358A2e62cd8f912A3981D40F12baAcdD9938C8D,2000
0x81b7caBB25A097d44679747E763446349A8dCd50,2000
0x8834fAFDcE0cF38b97a523ed6B22861152175F75,2000
0x71444F846F4c5797AccAFF3416F1CCa0992290C5,2000
0xbD55A59171fF74fd03E4708ff4D22Cd3cDD58944,2000
0x0fc9019ffd2d6e70ea5298f1b69b65b0d1c9f57c,2000
0xf0bbb9f095fdbc046c0f52ff4affb79d2d4a1aa7,2000
0x6fbdc0c67AE11b5568Fc72Dc1Bf2fD7D8C4a6584,2000
0xE474A60dCac809fB4Ff8915FfE989299839443fa,2000
0x419222cf746ed9Bd21D26FEd88740D162EA0566e,2000
0xCbCb85b91c4d4c9895AEA251F6dE601510466532,2000
0x0A665129b2AD5F3dad0B9411d7b0781f6C717863,2000
0xee688b7F1150BaDF27F8c110454b25AeF60F5F88,2000
0x41a7b3c599a3e3658f8500a50007da0584150ec5,2000
0x7D69B52e4F03575c91737C64E8a70CF26F89B8DE,2000
0x11f7ED7597101FCc5A172e5c5aC44946261760D2,2000
0x3B08302a644Ef5bd916B317351ed2F219227dC86,2000
0x36f129a736071c088292135c23511adb891121c2,2000
0x24f7909c2c12b94dCFfE4C25DdE999dA43ed80B6,2000
0xB042c5752E036689b1DaB41dcC45D36B49c94171,2000
0xd32fF987D90698B0D842E34fa61f7a663Dcc0A1e,2000
0xB68b3D9c2A7C77924A3BBB2adf6FB04712042737,2000
0x6ad10E82BCBA1EEa0bD82A4bEBf2b2152C3f8cDE,2000
0x7719b86281cf103279c944fb692591b39364a02e,2000
0x6deE030bF7994404294b9B8a44F3115bbe4b1981,2000
0x778C65fE492d6a7916367D748F15a94acF869637,2000
0xa381c50F7f4407953BBbbd2DcF216DcC3cb412B0,2000
0x2c864a9da11A3aaE8a288F0819aDe192B2835A85,2000
0xD95C0473849Cb25dCd8A1B3e8A672Dd26C46a4A8,2000
0xeA424d78C1D541bB98BBee3d5a7a51596403703D,2000
0x065A9e8E26C6203F0D0a6F34B1D3F14bEEe1DdC5,2000
0xb2d48DA681176E694e3A6aFB2Ce840798A5a8DFa,2000
0x39F5146A6DA2d3D920A1fD7BD05E6f824310C6d7,2000
0x7e04Fe68BbddB48a18093b33CD2a15027E45F5ba,2000
0x08AD4BCa0bE2F44577DaA2296Ca5e94387e188bA,2000
0x3DaE5ca221DB9691FBc24a14151D1FC7f34ee008,2000
0xB6A683908C1979f268a7B3Fb0c15FD1252c520Bf,2000
0x0AEfF217039f443Fa94A81742607cbcD5120672f,2000
0x62a8B3cdFa29878351557C3a0940454873157440,2000
0x84071c4231D792a5bD287D9B6573CbA44f33Db33,2000
0xa775113d9fb6a769dc4fad018148513ace83f8ad,2000
0x6249eE8F2C0a70cE3BaBc233d26C03D1613c5dC3,2000
0x60172741Ce24d2D2d06Cf431646C22405368c36b,2000
0xF800624c007E8211DD3F23CAF7EE688B8d9e247C,2000
0xa15295E1F53153bA81c50dB133d1ae5813b51432,2000
0xD864a0C59dc2CE84Ff2383F20b3C8B80e79fD901,2000
0x6A6E88a0ACD6D9374aDFDf92f53DAc76008c2a48,2000
0x9216f8045653bf467CAB23b8f73b5b5badA76acE,2000
0x967Cde77F86861a9710F80A8c022cA4Ba734b68f,2000
0x78Ba336993899F30A1E6Ec3f2c0F4036106A2DCb,2000
0x450a040f48251f5E6783e5B1Fd31855E698F6ae6,2000
0x5979811bC09e4d55496f54cE3659355307C18913,2000
0xA04a307808ec6C0B020EcDDA57008c633366F42F,2000
0x3e554337b866ebfd2975046852d78f54bc6ea6af,2000
0x8D80a04b31CBa4085A8448Fdc613Bf27A5E2fA47,2000
0xefba48a884aF265F054c72cf359EBBa96dAdacbC,2000
0xeb53A9D1cF89888f779567EE1b27536132D5F8C2,2000
0xa14E0837B43839106512Cc2aff31bF77790BF3Eb,2000
0xF5A370f4C1bB58B1f73d07289FBbdcd7901123B9,2000
0x8B2356689757290768FDB368980c7E8359f95dCB,2000
0x7d9D571Ab63880DfBaA05192900cBB8BD4B4D549,2000
0x7cf5043B9e30ef490a83ae224450E91a2D828a9C,2000
0xc6D9a331C85e78a91F753F54dB8E410384fE5797,2000
0xD1f883CeC478b4eEe45c2BAd15BB3E8ceD5BCF5D,2000
0xEaD0bc63A847F846d1d2ac07EC79140dD32dA84E,2000
0x2532A98891fC8ff356035D364933a51e9f1EAa5F,2000
0xC18dDDfEECFCd5e09d25899d49334c5A9D32bEF8,2000
0x801F6aDe4285821a5DD356dFDf2E8431245B29ef,2000
0x923e6C1da8B5101Cf37635CD0aFce3242A631fF7,2000
0x940d064807ff646FB63aeEDa2f772e963F69ff74,2000
0xA183fe49551257872dE83a62Ccd2eD7319a6e75E,2000
0xE84459cb4DbBDA4CcDF215d690906D34Fe190418,2000
0xd579a8DC7A04BBdB91c85250BA60a9870D55FA61,2000
0x6d55c133A1E7A8308C6B101810Ce63ed7Dd42B57,2000
0x89FC6148a4d3119bf7F5f48FdB5AF2720C17f6De,2000
0x98F6c5f89fC092EcBEFDaD141254618939C3FB30,2000
0x2003C587C159f5D5a2935fACBF8CF37254D0Ce52,2000
0xD30b2aDb0385985f32290227477FecA09eD857CA,2000
0xa67a35Ff375Ee6cEbA5d4378B37a550A16b46bE9,2000
0x376346de26E2EE4227e6C760752C59b261B6d4BF,2000
0xb74E4E3A8347395748298e99E8a81438a0B36cf5,2000
0xA439b9D2fe9AF0739A96F77D50C93b0FBA8c7d2F,2000
0x94A781571f7aCa342B705A3b25045f871D7c31D8,2000
0x9cC2250F887b2D6D18CeBED343F30F3466e3a71f,2000
0x2fa57E905464e156E2F653E73a9e48F8B2A51B52,2000
0xbd7e05bCc4581848d3508f66d1Ac0FC256B32F98,2000
0x36e84A01D9a391C3A39eb1E417400BB1A18762e1,2000
0x29FcAA72B8AcfC02763AD868d3273151330dd53a,2000
0x63C99f7C93BE7d1b3f03A8318005a58201b0B0D0,2000
0x0235316C4A0Ae918e58f954a515f2034ceC2d3Df,2000
0x0eeB338b8Bba08928C46C517739ef70D3dFF4DD8,2000
0xB0aA8EEdbd6dc36Fd1eBa9509Ef4e06E317d2378,2000
0x6Ef75F4599D4b63d8bCB86eEB1B8eA10157734ed,2000
0x385584434299a5aDa674BA7e28014330146b5f1c,2000
0xa17e9A018fA843E8398D379013B47d083c5b26Ed,2000
0x475e09EAD27148D587F4EDB8E1802F1EbC73Be1c,2000
0x2e01535D3aa279781f2bD24F52bbf8ff7d0f5a30,2000
0x37320D9E202DBe2A392992456F605315085BD057,2000
0xc6b0ad420187a8e6a5ff7ecb36b9ef0a9d423f70,2000
0x81152FEc82133327c13C793eFaCFBc4936beC942,2000
0x68A0EA19E402bf752a959951bBC99225f6219255,2000
0xf629A6941D6E97336AcA33523f5360Bab3EC108A,2000
0xe650aB176a9579588C8e7E7522026f7e28625657,2000
0xbBE0b7966c1E0c81F16255055F15Fb24D99ef649,2000
0x1c66A525EB9c6887B9D77B175a99118F4A5F5f4f,2000
0x9FcaAe4607D600d33b4De39E3779e69879F35696,2000
0xEec33D6836052Ea46990000614d09CC9FAf6cA67,2000
0x92EB4B98fCCD6d074a5c7a5d2c3F65e4D87a8CF5,2000
0xA9b66CB4829d1965CbeE4dAe2a56B3fAbC61ef9e,2000
0x96d815d4e3a4bAc863C80A331c9F8648c5A46AAf,2000
0x942B75f75EC56046A4dda25ebD42Beb92470B3FE,2000
0xc13276FfBd3f113cE8F5c397847A0570Ef1AfF06,2000
0x2D7718a7D5aa5bF42675E82dC1A4DeD84C4A723a,2000
0xaE76EAE57E3f815dd8a82CE8D42b14fc9510cB03,2000
0x88DD9c99bd22b513BD6D0EE9cDaa7fc067eEdc6f,2000
0xa27b0323539d0efd9b80ffe55c0ffc733dede74a,2000
0x55d36A619f695F52CD6DBFdc1507DB94E94a6972,2000
0xd07d2b675100e6b64093d1c208ab68c8cf434a65,2000
0xE5dAA8752eBaB8B4694cBAe0896220a33ae03c53,2000
0x5715323b9190B61F9B074f181316BBd06771AC45,2000
0x6F933a998177cB5ec5c7d983bb45cdE7901a3d3D,2000
0xA9C1cd2c34e2BA934D44a7Af76AF2Bfb712966a6,2000
0x2f6dF025efF5744409851967DE685eA3B49a9C64,2000
0xB6656b94C0AC3C2108A3bA80aD3f6f67A1791f26,2000
0x54BE5bB7028D8d5A1F04ec0A2d35AE7Ac6718eE3,2000
0x799E07B859423C9C268721380D7297cb5D4A556a,2000
0xfEa7aA04E4afFbBd84e87C00305DF62b3B435F52,2000
0x8bB231a0422f64d02A14F3395C879CB4A6C8Be1A,2000
0xA6De3817DE3C35Dc547E72827561ee4Ea84Fa2E0,2000
0x3336D65a98271B06cCcDb6508b744bB3167605D6,2000
0x8DfEd963b1d73206C553a008e270C7053Cf9E7f6,2000
0xD2F019853240c4E01358aAa5d3fB21Ba73cEdEA6,2000
0xc8ea15664484A10d5375f82deb45757df3b275CD,2000
0x286cc5f030E85ea6792f460Fd89534d163daf0B3,2000
0x98B73cf6cB062a5A6AB185C28Ca3826c0e2D9194,2000
0xeA9017adA530277a51669AC88503FDe30cd8F6D2,2000
0x1474cE413D59acbBA621b4e4973F81f755843Eb5,2000
0x9f02211341c523CCf7BBF7Eea61bAe6529b5d5e3,2000
0x062A68264916ada5ff073107f795a6768912D60D,2000
0x04Ad585a3Ea3BDF581AF71A35Dc56A5876F0187c,2000
0xadeD01d00c81b8b1369DF005079d7ACD7E3B3578,2000
0x1D42F037Fb653Cd93C164dbC40B57910d1640241,2000
0x1fA438C34e4d5F2A06B333FeF4d8530b668902D8,2000
0x817b6C8a1dbc2e03165507bD58C390c3DF18345C,2000
0xc141305B285e74646C54E1AAb53589035538A17C,2000
0xAc3548a72046c10723158F51ED7B9438d9e0B1e8,2000
0x00c565057894Fa34F44Ac5d96332A6B3cd72931A,2000
0xbc4a676FF6Af01c2bf8532E739d83e9d42237D15,2000
0x074d20FdE02A9098ecddc035004015C7ED9d4191,2000
0x6682eb7c4258bA43D80824583A6dd3b01FBD40a3,2000
0x7Bd558380a7be528229b5D474f365588d967A5ff,2000
0x802cB888988aE3C73C92DD752a73f1636108DEdE,2000
0xeF915283E5A0E97cCD02387a6a53340823F09BB4,2000
0x7E99d80562c2E13db9cDEd8fc8B13E3c67248285,2000
0x04D81574DA3ACcC39fB7149eBAAe09689ef9115F,2000
0x9CF564FFC9760a4078FaE0F87CF972BC42499Ceb,2000
0x35a94ac41d670eaf4f70da5d9e261935f806937d,2000
0x3f9cAbd94c0105c61A0230dd6746E4bc00481B39,2000
0x716fCDDdA366a9E83720A24eEC8689e1f6795387,2000
0x0e833f909E12fE05966aaF920F4A5307e0C0Ce2C,2000
0xe425093879c3df2a744Ca20114cf8F2d34091cDE,2000
0x103f0dEEa367f85eE84200fB80f90b0A734A01cc,2000
0xB29077455474248437adfA5F82Fe81C4b9cb8fEC,2000
0x702314DFCA515Ff7D5D1aa52e57ad81eB0D96B6e,2000
0x8C27fB6996Be5E8982eA6C933A94FDf463440478,2000
0x6B7935D468F23d17deDD8A3a3860560164D63282,2000
0xbd9fAdD6Ace509C156A7d3a925f0dcdB9AB7BB0c,2000
0xea19Eec17A4B9e781d0D94C4c3FA2EEd031E6d33,2000
0xaD90a931A6AC12004C72DBC8E3699ae9D32Bd0fE,2000
0x9320EC043e4544C962ae52C57C33777510832110,2000
0x44656a4c483E78C31267C562032167CeAecBb984,2000
0x4c1e3abda895c8a93ef071ab1e306dfef3c85223,2000
0x5260C95324AB7DD7c254a9DCaF320e3A33F41062,2000
0xCB9822749034Fd2deB1493D90E86Ffba87e11889,2000
0x54caf7Cb26Fe5Fb03768E74B6134fc400dD711Aa,2000
0x520280C4EEEd16D3263FF5b48f9075b40B376D94,2000
0xafB1CB13D1ea23d45Fd49545475d35070Caf8fef,2000
0x83b09beDFC22a5a2D5afDcF63DC073B9D0f6a8c2,2000
0x3a3d168580dB2F13bC9499526DEd397688389E99,2000
0x1865A0E664fE3B72F1BC1d740234ADEFec8CD4c0,2000
0xD602dA3B0Ee40503EE1235b8D04535Ac9e94b0bf,2000
0x3Bb72953d0D45486C0D81FeC8408601F929167FA,2000
0xdD96327Dc1C9273423fDb3a1272EA0499c1954EC,2000
0x9D35be85a9e3577Eee612990d6AfDa5642f3330A,2000
0xa544780b6549e60D988aB33ee02ba5894aAEF899,2000
0xCeB888E7a53fB28Aa7A114256C36d3a55CeFB0E4,2000
0x5Bf56F944146a3CBaBAbf89a52Db54025AaF4017,2000
0x68EbCdF7E3D7b2b1B1c4171f22F30C2Dee636D6b,2000
0x967895c007058D310860dF7C4D7c79EB7563B8B8,2000
0xBd4eE5Ee0899c3E91d3b4af12aBCDC23752A5432,2000
0x3570D8A37E42eEe255a7e2E37335Ce480ade599f,2000
0x323529787985B410be5ea1bc10cd96dBDF1F3374,2000
0x4F4835623734ee5389AB65Bfd730A82D86c8eC6d,2000
0xbB595017e997042889CCe7FafA2d4d32cB04F168,2000
0x1D08f4a9d7C676548f7D5c182EaE6A622CB98876,2000
0x4c310146384c7803B6C1CFb175A04d7fee618ddc,2000
0xd5e69cEF3205d427d5d6C5557892Cca123Cc5031,2000
0xE4B57470145DfCd4e4d8f8a908C4819f6fe057DD,2000
0x5838a4d98Ef72E6C04A6280067c191846Ce749c2,2000
0x029D09d05b859AA047f9e9aC4418D4Eb946Bb4dF,2000
0xa84fEA620dF2D8CC00b3fC3A80482D848Bbe5Bb2,2000
0xde9D48fCE54B494820bb9e1a4c3b98D3f3D6Bf85,2000
0x891CEAF2BeAEaDFf6af7B427841b154544c7A6c2,2000
0x2FE69040C76925eA7a0Ac27c5d94E60E941103d3,2000
0xd874ECDA3e1fF9f0d2B4C80Cb8C1Caa095CD0725,2000
0xA72ea3EbCAeA21a2b71C3a96F0c420F914AFA9C2,2000
0x8f9f738F39701a8a5De2251EF38Aca92fc40FCBA,2000
0x10AA49a2e4Cd2FE84fAd1dBF1b35A3D65Dc2C83C,2000
0x1698B5430B9339ba27FE4e9cA35456175125C9f5,2000
0xA0eC8C75cCa8C8b6f5d926664A1086D5E62E2E4b,2000
0x3EBD0f55eeBffF01aCF3C4bd25b0Fe399c4b1F24,2000
0xFBBb7Dabf57484C67d3C54E1Af51723f3Fa42327,2000
0x994F41791713e32Cef13D951de0D23Bf2371cf95,2000
0x90f1338762D1c7c6DA720a7DEB600d944c476542,2000
0x67cf39a8e96fD26b6A52cb2190b420B27Fa4eA98,2000
0x32d98Cec33f48FA73BD2899EC954BA9f3e251460,2000
0x8f5074eC05C94FC8c014a6b407f8f34bDD45d238,2000
0x723fBEd105510A83022272d0C2b337b6ac9791ab,2000
0xC0FA2409FbC1C0a4f7D1bcca6fC0D7f4F4234a01,2000
0x5acD5316304b95550A38D69Ca083E90B0cF11877,2000
0xd30a8b84f3755e15c0783e98a3399d0387e42ac0,2000
0x4246766D0df469ed3a96dc0927cA207d1D6FD2cC,2000
0x8002109D0CdD2Fcc0C450904DB8Ee25E680ECA9A,2000
0x4a0f4801EDDB825d712f33D6E8121739Ab646B5F,2000
0xC1048Fd46a4135dA9fdDC1f382E147AdEe01401C,2000
0x9599Dd64D0710ED4E9A68f59D7a64Aa2CAD4ccd7,2000
0xd4246D34ADc19432CaFb8deD9D7501e39A1422d7,2000
0x340b5F9B77eeAC9ac6ab665BC524C1718ab69F2c,2000
0x31E2Ba110d05A692Ab3dC8124b7aDD48d37C78CF,2000
0x24d23d72B0d38a46EDCBbCD0C3b8b799b3F24b74,2000
0xfa08590fa9686f62370763d750ee35a22e55fed9,2000
0x0cA9df2ED82EA7a844D64FE1d1637d1E8Ce7b34c,2000
0xDF3f915FdFe80cc44bdDC59002c6214e4B4Bb036,2000
0x86f0f583e544Ed3bEb611869304EAF2aFa33D063,2000
0x5AEF96B132a4DCF050841e708571917AC73e86e7,2000
0x57fC8249Cec5E4491b777E575603F86263Ce12c,2000
0x9cC55F95836e30F518ce28347f6216314ec6FdF2,2000
0x0DA9679584c423b995Baca4f5bE4c04C2F24aCd1,2000
0x4D04F2945EBE39D0F17b1111806c102036Ec81dB,2000
0x76bC641f766C31a2712a96527622584d0cC7e8C5,2000
0x6AA50f1B30E6CeC8F8B60215f102C62DF45b410B,2000
0x90cB8883114386c016b13e73ef4E09312C23c964,2000
0x25Ef33cdAaD3E921b715B5428699f08cf7F61718,2000
0x4ce489016725E15735ad8B8410069A7eB7cDB5c6,2000
0xA23bCfeb8E6515c67C9BF5F7A19e725AA1B10c81,2000
0x50c8344b7371454A9799323d2bB9956fD1C0Ab22,2000
0x5A64e1FF16e1ba8acAbC7190C69fC4bb5381b38F,2000
0xC2F218ACf24e5096EF062832701C4C5E5149ACEB,2000
0xf98fdabb6a770987f0b152629ba74c2d59573008,2000
0x267b21F4a047379374127BE4320Ed7f1010586A1,2000
0x9a00adE1abCF7E6058e0fa9D87153AcA1160A227,2000
0xF091754F55B23fe742DC5Bb79bd6569e9465059d,2000
0xbBf33891FDDfb45B5754c0F723946dd3F6B16096,2000
0x8B2573e2068d87dFAbD9d5f4051686090512fF8e,2000
0x981b68d6e2D0B35A6Ec29aC51426956dcfDF0883,2000
0xbfDf126D4F3063Ff2f4295a033b89Fd914D06eCc,2000
0x56E739266D349154A99E7d64cA0d0132a53a97cc,2000
0xAC329eD6Fe816f37f5Bdc1dBD689278fAfd41dc7,2000
0x04e2A37fdA03C9eF578a45D7AD91cd03Ee15f389,2000
0x6825eAA57b09Dc9734f34D401A6A30F52860fb7c,2000
0xA592E124d50988Dd8Bbc313B56Ef133862246484,2000
0x50537FE30B38415e44ae8F6e15354a910cd60FcD,2000
0x43b42cA2Be49114EBAD38f85fA28d0A84eD43d97,2000
0xffdABeFA33eE5B00667E1E6E94f1A46056609b39,2000
0x5d0F75Fa594B40F44e516c335849F88728F72fF3,2000
0x8a239e2d116b7d2d36af3ba677ef8969513d86ec,2000
0x49e03cA4cbcd5fA08a03Fd0D8696e61C6479a32B,2000
0x99EB7738DF2D1f45b1B72E872A6a54E53512B3CC,2000
0xF1F79739EB8C22685A22eC321C327d2e74E3D004,2000
0x882F9784Dc6103133B8D3B086ea4c75a54E1f4cB,2000
0x031205ea6b1b1891544bf706471db138c14330ce,2000
0xEA9ac4D2F0E222F3Ab4a0f660724f6FE1f3862Cf,2000
0xd95706Ce5f335328E8290e65200504B80a10EF71,2000
0x3e74d1a580deaa698fef39c9001ada733e7024ab,2000
0x208565AdE49Cd1946A78eFc60c06fdc56f9a0AFd,2000
0x92d839b74c7534602edfd9c3c7d21dfc20c4429c,2000
0xd9695C9d0382057993e61E144e2c25Cce6EeE613,2000
0xf1eEd89917b173648d1170a449db886f25511AcE,2000
0x7639C8A695db31cA1FA511b75111A0CFc6C46af7,2000
0x6450ca100B7fE770Bdb200ABa9407ea8919F8FB3,2000
0x72F1Bb06761C8D3fB63e93798A35dF77ae6383Cd,2000
0xe91706a4478Dfd3d7E72862B444c2787eb0dD6b0,2000
0x8C98c14E1e009fdC5aa66806fA864dC6B48fD779,2000
0x319eb64ac5A51CE408fd2930d344EaFD92f93e06,2000
0xa008500ef217ad4277664d6d536b43ed9184ad05,2000
0x86156a9948d28BBB3B349B350F1C37213a61Fce7,2000
0xe07D80B06912B010b8b759FeB85528A3692115e7,2000
0x58d03a31E19F1908f617A24684D65D48f72030f4,2000
0x6fA421176520b2d70069102f5dD44b7120c3b6ae,2000
0x5A7B5e8f067A0240C5D80C1cA57f53BF27bb4441,2000
0x35E9ff878D383E373e7897773239fD42232dD825,2000
0x3F26e150485c34B6eD5134e939E7E331ecd2EbbA,2000
0xC2f83437525260E6df4fa6604C357bd464eD0008,2000
0x6F6911a186806508E484a7F1BC371be75fAB41f0,2000
0x1077B6c21067790b11bcdd8A9abB6818326ad90b,2000
0xc1E4e2C9D86c590b6d5D9bbBFCF6bd21c55E6898,2000
0x02E536Fe44aCA3e6F1198a2655501E0A884F5f58,2000
0x44604A78d5f9734992AcBED00724566623687F1a,2000
0x1753b7562719969d2C8fF7271be771AAD1b7D986,2000
0x0E39C764ECAcb5BB5f74f894a747d90D7b0a0df5,2000
0xb6Ae19AD038C38730685F6123f55AD001D785b61,2000
0x87A84ccA8F73FDB44464D96d354644aB8eE9F5f6,2000
0xb0302bd1cca624a24B7F769eeEb5F508Cb36515f,2000
0x20d8b5cf0df165a3bf42c28ed006841a523a05b5,2000
0xD7d4AA548f2a43F330f89D95f247d958eb889ec2,2000
0xa1e2910ea81c9fb4cea29028baf784d7849a5dd2,2000
0xAc6F320DEf427c6F60f8f4caa91C2Eda223d00fB,2000
0x08c3507b3f0459b0e6b16d739b88391b7179dc0a,2000
0xE81b35B9D37e3aA5F1FA5923ae08C17b56104b06,2000
0x0bF20B80a5a41985208482B4f9D471D46b1cB6ea,2000
0x6F88aa111438fB105D84C4bc1c460cC9026FAaD0,2000
0xE1aEFF96835CD36183b4f5EF75f1E227652f3a56,2000
0x7777248b4de6eee8E47f1F665A632aF5C974f83A,2000
0xc32Af8c2495C42596f83fD9785895203dCc7dCEe,2000
0x115F50458123787f778393BDBc77B44621109360,2000
0x713185b000EC133Aa4c5ED8168C78BFE724607E0,2000
0x48008726871b5EE5280496C493d94a8a352e6899,2000
0xeef9434452899d9110675f67c2c4bac73d815296,2000
0xc85210AA40Cd59ce604c0e34681af135cE3E0D72,2000
0x7bE0717970435853Bb21b222fDBEa25cbFDd5a3f,2000
0x352C0Fd075E1612e407a3d61677f5bB40855044e,2000
0x069cFDFEe3f7e8779c8f7B3fC76f003843Bc2032,2000
0xdd2aE2Bf9ffcc6CEDedB65f5296F6b488020345e,2000
0xc16833E7b419d53A90c1961127a3786467c8C5b0,2000
0x6097802fcBbdB9ba0cE6484Ae1f84a4b65E8F9C7,2000
0xcfFeeE4767678CafadE6ACB31b5309c1FBf79826,2000
0xfeD2d128F7d02193Ec78e552Fe05Fa05eDf5a16F,2000
0x86a7EA434D5d5643B57FFD71502206dE68E3D47a,2000
0xd21e9D20cfb0c4e319ca6800048F35e19Ecd1305,2000
0x98AC77d2c9FF238D025E4A2bd742E036F3A9b884,2000
0x4F923FBaE69937f51F8B442e88396e125084B334,2000
0xB3Fbe8904CcF28A11cee89049e0359B2Ea377778,2000
0x1c6b0CA0729E73531B87dE6b11Eb1Ba68b00748d,2000
0x8217c28e9021b8c01Befc0dFc36799aa12E54EC3,2000
0x648C155715F0ae40375E578D69768eA725BF7f18,2000
0xa30dd5d67E15d4Edcc105e66cADC310A03933949,2000
0x233497d97dcdfd1bfd28a81d836b91be5c985b01,2000
0x31fB99bd68692AcaDC0372d1B3D24184F885E652,2000
0x7ddF27406E9C415ae5954094D313CDA097295d4b,2000
0x5229e9C82Fb0AD068017dafA675BD23d7c4EC295,2000
0xA983Ea847aB99DF06B1e517E50a16d2648D08C2f,2000
0xeCB711d70ca4729A3Ca248dB032f8fF1Ec4dBAf4,2000
0x3F2B8Ff66Fb64C5CfECd6fadCdFD3b2b75d835dd,2000
0x638FdCA1aAFCC4d1f6F59c81C8EB4Ba587A13F8B,2000
0x1fc87e0070A4FC0bcC029B52dE32eA33Ec353f60,2000
0x9B5594B960897c91f9EA86b82C0403B3128a5Aa4,2000
0x60DA9CC872994193bF9c57661070f51b8De2FAC0,2000
0xdb3B638F8eB9feF0000C5ba36b7736D8d0b8dB21,2000
0x60Cc980ab1c1dc36051df5895d358E74123800Db,2000
0x62b273682083dead220185B99072f39432130864,2000
0xd0df2a18b47b2d848820369fc989db0a0896029b,2000
0xc825f7aCb3FD2cb98F530378A22913097e832772,2000
0xa6809aD8219b25B0777529cFA44F6010DD34b599,2000
0xD31a6B76D8A1488939cB63e2E7340653b4d86d59,2000
0xd1b99d610e0b540045a7fea744551973329996d6,2000
0x0eD48531440b2FBe14161d18a51c32670Ae97B46,2000
0x1d3B235F19fDCAC40fA3f7752169e8A581c87822,2000
0x481641FC59fb011424f0958cFa1a487834e26945,2000
0x6B986396fe92b6f35084Ac6700acb8f13d735B24,2000
0x34C969829398494A6485f9951fDEF92FD373d12E,2000
0x44B488d868498cb3EC629D6761A582f0d6d77e4E,2000
0x7BECB107ef935D2b4C4a8ec839E8e2D5EdE9008E,2000
0x6E8A96A5Dd1481414EC90a13406C677b4932A364,2000
0x3e0A5dcb24A2FaE36D677fb3008BA17380afdef8,2000
0x64381fbF747A4d091Ed0CF00B93EAC582e96C238,2000
0x2d8f1D8B6FCaec87DBBde21eD96e7D7e8883373b,2000
0x82e26ee5003ef6bf7ca883690a86d80ed14fad39,2000
0xE32Ad3B4fd1d9b6C87931dd42EC191F0fB4282fC,2000
0x77B25A8f5890285aA70F9B2a70F6160F405C4F22,2000
0x796bf84f8da7f17b52a8d4629cdcb300becb2dd6,2000
0xbEFe57ec0C15aca3e79E90D80568367AE4e9c069,2000
0x8465497c7bCe3d8d68dE4b7583B3d9a964272476,2000
0x4103EB07315eB151c5A6EC56CE2EF466fD10B177,2000
0x05d7467B91e1ACF9d08E96b6458cC506Ad328774,2000
0xFc5d62C65d5Aa84916B5b0dFc23f362A970B10cE,2000
0x51D822F90d2C74A34d748e9384803Fb5A06bfe18,2000
0xeab99bc981ead0653d916fa958d894cdee3d28f2,2000
0x8AB454224d9cbEA3bb6d1135cB039d6c406C167A,2000
0x2322a94346bC40bE5a18763f26fF070D126e1428,2000
0x24995fD08a8899319B5E9880471Ea10cF17bc4Df,2000
0xEB82d085ac3ad160c39cC4Bd7464AdFf3a62BeC7,2000
0x7c59aF1F943691775ac6481293dDB1ba7D84062f,2000
0xDe46c8d3BF5c62BAdc1AAbf130d11DB13b5CC786,2000
0x3eF6179235E65BD2fAf5dd1cf350E00cd7B544C2,2000
0x95853A280aB88aF74014E583Bc54f385Bdd1111a,2000
0x152e1cb075cf201099161A6335b83eD77d32AEB4,2000
0xbd38593AAfe1CD5157dc20f5C56019d3996412b4,2000
0x46929BD8390B28cB637F1778183E7C5720045262,2000
0x7a5A37cDf785870e528647B734270Fe3C8b123cD,2000
0x960b9A1c15A103919c611922720F57f3B9497340,2000
0x97D4d4bC09fE9c110Ca835CaEceb99497B8FF737,2000
0x70fF3895AAf8a684826F727C73f8D4CFBD7Df27e,2000
0xFE53B4aB359D87Ac46D6623A4d51894E610460B5,2000
0x0758e6B4642447e2E5Ae056d99574d295BC73018,2000
0x2A2a542D0b18A52885A67B326cc1bE9a8C0507E4,2000
0xF17eDBC599ac9EEdDF3d84a13B9d9E1Bef115e75,2000
0x4824115d68b3d905814f02604F1597C45786B389,2000
0xF600926b87f322a7e4B11a6f108FB20182e2ca2e,2000
0x294AC251d1896F4b121BCd88997C4f244A755883,2000
0x671fe2c210e9d15b552a6817d56cc0eb2ac5562e,2000
0xaD49E9f2413350459B87CaB0135BE9d492b2247d,2000
0xB3D567163A5bB03661A2388340181a3B05cc7a37,2000
0x69813cDe6900FdAcd1a310c40a077F9bA51C8776,2000
0x7Ec5B62a48951d18A7Bf81A5cfc82980a13941ba,2000
0x18578C6756aE0DAc4Da2ec0E1082Af4e28CfD321,2000
0x692080d783A8155DD35B048993836B9484d56554,2000
0xB879E8D9bF8a446D731d491b9d640A74A0CD41D5,2000
0x26985d4f745d3e43E70a44eD09672A8B8bA68681,2000
0xE273F92e8bFE17d8d9FD844b30A636597e201B83,2000
0xCa2F559F801938032990359b08C5EB9164c65Bb5,2000
0x55179A6C4637b011E61dd42f5f5f3FFceA163f7D,2000
0x16974320d7d21b74cdbb8ac4cfc3dbc02a102123,2000
0xAd866D1e143a60f79Bae8299A34B41BAa3c0fFEa,2000
0x15441E59bd6E71C0C1dB42D4C7686D1DbF55890a,2000
0x5fc5E9d3352A823EAd987dA9B2c776F4B93091F6,2000
0x5c7b4339b089014AA04fAfFc2432d8a03Bf88d5b,2000
0x03bf28f25f6213ea46a0422817011c598b04b311,2000
0x77f031191316C5eCB0c6cb2C348d7Ab163E18b2B,2000
0x76C0bE1ab8abc4dF641689Ad082FB4b6f5fe3031,2000
0xE0FB1A409868fCC2ffE20A94De2D78E67EA44ABA,2000
0x9B83f21D6c25F602E99bB79ee49Ef9c9bAd7F3Be,2000
0xeb8553EAb018444AE8DC47101d72E0788554cedf,2000
0x41E7B30519d93cacB1961EDcf5Ecd9419A8EeE9A,2000
0xd0df208be97C10e90dD1C3F28caCf4B1C2794395,2000
0x62827278215de8BEac8cC4A77BB1922dF582bECc,2000
0x9e6061FdFA0f3D839278c734ecaE2a2c1AE5ce80,2000
0xF0901882829D28E7A7579687d2897bbC68F719dF,2000
0x00306cF8F8BD4dC1D8510f3dA6184B2c49fDF4F4,2000
0x87c5cEd248560391411d07544f9f451C44DD6211,2000
0x38B0f7ecdC9F1CFF9D27F1974337bAcf16b9591f,2000
0x8537485aD4DfF9153BAE52D0b45DC217e65130d7,2000
0x16d68A9E7151C3c2B75FDd55E94D34BA6f5d913B,2000
0x10104FbD2e10bB0b2BDfB8CF7aFA7FC90e3A161d,2000
0xAa262c17420bF282860e41497AdcAd57Ba89Bb57,2000
0x6DF4643fA566BC3a037Dd7DB8a17417cb57395A7,2000
0x11F88F488347cc8259F74439F0dd3f1828EEBe37,2000
0x7Ec98E8B8275566Fec5ef3baf918CFeDd0434Cc9,2000
0xCDf9605640746dD86Ab50D763a116c951FAa389d,2000
0xF22256Def3B3602ED5FcfAB95044294aF7449051,2000
0xBc476cf40e28713479171719C35A1A16F232bd03,2000
0x3cF17beE6B3A6914D6Ca36181e9160eA39441314,2000
0x3d6404677334f59da3c5e6252517a36f9ba33562,2000
0xA4d13c52895a0A4Ac6Bef55F6b154830e47c2255,2000
0x78d1Fa49923B4B9E3cBcAC72BD212799B3586E49,2000
0xfe41d76bBD2f7A2305E24336f1B35381d42fb513,2000
0x606d2577FA5d250745958dEDDdaA3073f80d5206,2000
0xda9834c01FA7D3e92e2315d532f086476F48f8a5,2000
0x446551417b54e6B6f96EbA42365b7F5A0FadC5e6,2000
0xCc615eEc835FC57f475a7c1ae7AC0F296Efb1D0d,2000
0xC5fC8C6B7f626269ac1b3769E77d1065DA03e927,2000
0xa76f808C13b8b8bBCCD3dcf6a099cB5e8f15EECD,2000
0x6c0f537448dd08aE806EeD9D70332018EBda684f,2000
0x89A999A57138512fC1534163ce9619F520cCa338,2000
0x67F342cAa1D613A9a68e64ef7772439e7D68523C,2000
0x29fEE0F8ce7c5Bc1fAb60E7c2884c55D364EF605,2000
0x3d000415E1156240D5C0C97daED79AaA4D2b86f9,2000
0x586Ae1C6E85468270b8A358D62c9955e40671359,2000
0xcFBEC82a7539C06CFe960500daD1DBA4BD1461fa,2000
0xe661b8db47514E76EA4CD38593A0a65f946A9dFC,2000
0xC3870d2882125c4CB0a513A7CF790eA456F36a79,2000
0x998f07563A3e657453E8a4BB64383cf948Af7ECE,2000
0xcD58F2C379ADD7c3E56e9e3a985e3b713611451c,2000
0x3cE5DA21329c4C053f853EF0f08E7f2Ec745a349,2000
0xE4d8D4Ef6580d05bce3f1DE9d320d2649fBDD20c,2000
0x415cd2983B007aCc087B159DA4F2aE182AEb6abb,2000
0x96CC2258a05f59424Abf00008b4A4691351f3c10,2000
0x8b36c6b3d2c15Cf6947e2824E6E228071454A415,2000
0xA01bb8d19537c3EFa29EEae2024dc6590fc01e99,2000
0xC589e53C13c0C75a594a2aFc1C6f5bBa6A138793,2000
0x1a85ca464AdB76808f6B840954956Af350A555Db,2000
0xC290BAfa8d1556168B7B292f7782Be605770a898,2000
0xACadbEd53E4720501C7685E31C8C35D2833777f2,2000
0x933935669247dB91642F2d37e800Cb4E74c7dc2E,2000
0x2cA41d0674D677710169FD9d943CC525a05Db4e1,2000
0x71b378A970A2f42367af90c2e66A38E0CCC63882,2000
0x1eD63C900EaDf203f8066B4e34a9083031208dD5,2000
0x97F04305218010282b58FD765dC82E38A922Fca3,2000
0x7dCDe829D6893c156541Bc52b4720B7f4Aad1E89,2000
0x4e46968e3e6740A741EBBcA1315306f566Cf0837,2000
0x1A0a39Bf4443FE51a0d7EFAf43a8b3F0B4f3b5b6,2000
0xa087DeECb21b746FD98f4116417f66993F5D4c3E,2000
0x75cDfa5607A0Bdab6F8d1749825022C6b97B42eF,2000
0xC0F5b91d813FC27161e45619F8A3dA6775475F45,2000
0xAbA56e45E4d026Ef960E17eb75007053C9288175,2000
0x9Bd46C19CAFa06bEDe40463FA1edcbBce27dF98b,2000
0x3711d378013Ed8Ea3fc6e03a703D67540B83C00e,2000
0xE2fc993D9fc446d8c790B26132C616855474dba2,2000
0xCd8eB934e56700becb3e2d822a1e66Bf61d1b008,2000
0x435513e526e3E6Db2fA481cCBaa30e1eE6d10ef1,2000
0x488dDFe74A3b22F0030F03D828A10b9fdA32097b,2000
0xba515205388f9a92A8d2E235598515A4733BA25A,2000
0x8f983C8E26d70B89a9ceDb3022F3b2fdc9af01a6,2000
0x52F7783d235096C6816f83719D71ff8C1B345248,2000
0x251742AEc93f0162372bf19FAC15B0591cb66789,2000
0x12E1793f36977B11d0b55a241b8fF90df44a946b,2000
0x393eeddf96116c0064b46d8513e0400ce0c6ad1d,2000
0x05aD21F30864D7dfD1E4875Ed39c78479eE1e779,2000
0x4b5e19d9199B70B4d7EB574b8b292E3CEb8844DB,2000
0xC924bc4794FD5D2329C2D0f9b51E96e99a099722,2000
0x0F1966841Fa07ECC3c96B348Ae410a85dbC6aa74,2000
0x6E6018C9b9458e7bFcD9Ce3dB1240603946fa171,2000
0x3C6891a67e91d7f8FD4751E9Db1B8772F67f48b0,2000
0x73faCdDc0337c9c712524C13eD80640c5BFc3701,2000
0x0CbE9f541e4355De2a162733116166b119E3D099,2000
0xB4d7006dd955a2BCEcD6957C9c78DA5e240D058f,2000
0xD5491e59BC756F6513fb4F34eCeFB01adF7CfD13,2000
0x46c6CF028a59f4C1Df96F14FC563237235ccD882,2000
0x13318872f88b0e7e84a802e42ebd138127ce1bc0,2000
0x062fF6D7127136d5EBFff15242da65F01474aF1A,2000
0xDd019457fD06856508aC40f7B747E70a2A9499A0,2000
0x684F934277B8C633ACea90153CF2B6F1f203B39F,2000
0x5CFE5499536cb046c7c8035723D406A1524D56d5,2000
0x16Ea5eC5a4694125a47D4f5f2581C0177747989E,2000
0xf1A22A43704EFaDF13804e98Cad154861fB013F8,2000
0xc9B4234713b69ea48Ab9480E6F52e2e502021c49,2000
0x921B7c111096a6c2c48Ae45e44Fb83Ce155618d5,2000
0x19656c607091A1BaD3E9d20244b2F8C198D6288b,2000
0x7FCb99dc4a145ac2814eb375389EFE80C7b1A8aA,2000
0xd885099059b57e69f810BaFca4AbC7733D478488,2000
0xdd476ce146e21346e04ea82f89c1d341c506c4a6,2000
0x3DC8E67e8E4c9E40452729ff4D5C5333002448A5,2000
0x833ff905F2920628B7074B8372697D0Fa875350f,2000
0x613681bbC299Fd90f61fa02A250617Ae24Fb10Fc,2000
0xCcD5E90f01C25Befb42a27dD62B6e1564DC7EDd5,2000
0x76078dC82FfDEb9C48E7fC1191575602fca69c29,2000
0xc116d17eb6f182e621bB51153D477F7384dAD010,2000
0x97177a4b8eedb1630152d26ddcffd5b1e2eac8ee,2000
0xCeb38c1a7AABD21282CD9Ba1b02856bD1e0Bf049,2000
0x0A51ACB68eF38E95d36F588353D05fE5a229c26f,2000
0xc2A544571C74Efc8339D86034F71Ac923ceE58EE,2000
0x53259C5Ff6160B63b076AD479776641dF465d489,2000
0xa625C7ad768a737c7d203430dc2ba477dbA442ee,2000
0xB2B163b3E2600Fa779B13BF2949eA9ec3473A4CE,2000
0x3f8337079b2378909E644472027eE0A85C898cD7,2000
0xa5Aff9B6F95DE2502663A5C151CDD702accDB9f5,2000
0x0b665f574650E790980737DdA925F84412Ea44c5,2000
0xc8409C9FB27edb89Fc7376921503c4C5e94c0540,2000
0x7a8A7f22EF1811D23eC9d9c3396364BD8602e249,2000
0xaC24Aa6CbEaDd0a13E1152BC219251B923f3064F,2000
0x88640Ef76bb858C7eCb7175ff0583FaDDf68073b,2000
0x2BE863273B451aD93FE41c642b6AF5E51Dd6370C,2000
0xd3eA79D9734047b6E481653B80076d97AAC9bbC6,2000
0x52EA9F3e359a6b6f9daEf8a9d52De41216Fc2F40,2000
0xB3534Dd9D2365D562dDAE3BC97db73290f5f6241,2000
0x05aF0b6B80d7A83A3ff085096a28b8aa4A8dD286,2000
0x7380329c55fbA16BB861D8ce68920b287d5122E6,2000
0x6ecBB3Fa2E39b4294dce9aD3A9191263c13Ddd36,2000
0x5ea0fdfcfD31a8F1C019F19EaA3cd4b15aBa4301,2000
0xbdef3aa511c0ff0b46e0c5f02fb7bf9e21e76d67,2000
0x17765bde7b20cF7499Eec3d2f7917feD1887242F,2000
0xFaDC9939E48873E0c2D1624Dc9b8e6ffF05B9c19,2000
0x800277eE49585fCd6555B55703843D4023b1F6C0,2000
0x0d350ec78211dF9dA48D3884a2119bd3727377EE,2000
0x138641ea2695330D4683ed74bACe325aA75e7a09,2000
0xb6642f72eAC8c0aF5fbD46a7752DCA6761100Cf3,2000
0x693102ABA179F8637D3070B022f0FDeF7EAe791B,2000
0xE41595FDEb291F86Cc5469426873FB0239A69795,2000
0xF053C8227C67e58E8b4d8f65157B81e59ED1913E,2000
0xA3423B6296B6f4a9a1D9E4CAb4112fA38AA7cfB6,2000
0xA84f4BCA86448d7b9324eCBFB4F3Fc07871C8df5,2000
0xf4BdA00B258d40436ef9CBefeB57d54789Fed084,2000
0xb0559d93CAFBD6F3ce1fd141130a6EAd69c811d2,2000
0x372d350a77abfcce3c3aa6686a156de0e446fa92,2000
0x805fedc6F257231dB2C62e141122CcB821392a31,2000
0xD3D1E788bFcE588ADD2B1aD60CAEC906e913EcdF,2000
0x323ebb9fe3efd0b97d7c6853d24b11f7c5d97b7f,2000
0x969A910397E25846c5dfA36B98829e826f2085af,2000
0xc9a710811A6b98dC32C8Fa48F2eb125c40653Ca1,2000
0x1Cfc32D2c08DFe917A7c07B1B98A50fdb9eF655E,2000
0xD7350e29E8255efdb10eD56d41839Fee594ed149,2000
0x51Cdd8CD9615E6D45dD28bb18C0397ED1F49b18D,2000
0xF441B616BdeaD474D7DAA263FFB38cF7aAEa42Ac,2000
0xA55676e9F7Dd62481c9D36Eaf917F0F0D53BBfB3,2000
0x47CaA79ec5bd1741Ed7B5Fd65711E721D71590D2,2000
0x41611470e8916a54bEB91529BCD24146b6d495da,2000
0xB415eD9d27254369d46C3AB6D9bB26D1E43A3Ed3,2000
0x41E246C3FbC7B75746f73754D7E0359D0689c089,2000
0x198a0a2fa5B012e4646E7240dDFb16529967d72b,2000
0x6D198298040A04e534c34fCcEcE9E56C604cc1F1,2000
0xf174097cd3E7eBE2275c4e02Ac3a7f8dC066F874,2000
0x2197a85E03d6Fbc455F4f9d0423dc7E876ba6983,2000
0xedA66B5E90F242E2DCd65253f95420451e65D0FB,2000
0x577358651e46e2e4f87281A3Cb2Bb6E973b0b4Bd,2000
0x16D4265174d2dbbFF3F1fcdEDEE42e9CB62673a9,2000
0x43F00aE561BBB1f1D50F269D847d4515c695F285,2000
0x2df15E6a4c1F050DD0529E8E77bf4D587983a26B,2000
0xD99bAA4638564Ff34D1d272aF90f5eaa5348C166,2000
0x1Dc2E4693B4669d3E7366D94fd9C420AB928a7cf,2000
0xE2CFC303b5FCd565798c5244C7971374C212aBA2,2000
0x318314F68512B0A468dB844b418C6B81527A427d,2000
0xB6DB0C6097029982CE09bC81Dd7A7548937daCc3,2000
0xD10a28040Fc0EfB61332964206ba0b9bC35Bb2d3,2000
0x5DeA0Ef8AD1B46E34498207eecD4BdFe5F9bC0BB,2000
0x00d8E825a7725DD5520eEBf99f7d81b60f2CCc9F,

0xF5cA428B32246891D40AF17dCE5815A4fcD9B0B3,100
0xd0736Fcfc1393F13db3034CA50C33468034b984B,100
0x2f7db21A5e6a386a927791093a9BE8758C2A54A5,100
0x35bCaD856616972D049E584bB48BFAbc576b204C,100
0xa056d5910e8E1DCd91e35974e45209C832A1046E,100
0x17B21F322EBb84000803C6145694DDA3720CdCBd,100
0xb45e257840723f15cECC0C9119EEa4b2644abc7F,100

